Netgen 1.5.278 compiled on Sun Sep 29 13:26:42 UTC 2024
Warning: netgen command 'format' use fully-qualified name '::netgen::format'
Warning: netgen command 'global' use fully-qualified name '::netgen::global'
Warning:  A case-insensitive file has been read and so the	verilog file must be treated case-insensitive to match.
Reading SPICE netlist file '/Users/fidelmakatia/chipfoundry/senseedge/dependencies/pdks/ciel/sky130/versions/3e0e31dcce8519a7dbb82590346db16d91b7244f/sky130A/libs.ref/sky130_fd_sc_hd/spice/sky130_ef_sc_hd__decap_12.spice'...
Call to undefined subcircuit sky130_fd_pr__pfet_01v8_hvt
Creating placeholder cell definition.
Call to undefined subcircuit sky130_fd_pr__nfet_01v8
Creating placeholder cell definition.
Reading SPICE netlist file '/Users/fidelmakatia/chipfoundry/senseedge/dependencies/pdks/ciel/sky130/versions/3e0e31dcce8519a7dbb82590346db16d91b7244f/sky130A/libs.ref/sky130_fd_sc_hd/spice/sky130_ef_sc_hd__decap_20_12.spice'...
Reading SPICE netlist file '/Users/fidelmakatia/chipfoundry/senseedge/dependencies/pdks/ciel/sky130/versions/3e0e31dcce8519a7dbb82590346db16d91b7244f/sky130A/libs.ref/sky130_fd_sc_hd/spice/sky130_ef_sc_hd__decap_40_12.spice'...
Reading SPICE netlist file '/Users/fidelmakatia/chipfoundry/senseedge/dependencies/pdks/ciel/sky130/versions/3e0e31dcce8519a7dbb82590346db16d91b7244f/sky130A/libs.ref/sky130_fd_sc_hd/spice/sky130_ef_sc_hd__decap_60_12.spice'...
Reading SPICE netlist file '/Users/fidelmakatia/chipfoundry/senseedge/dependencies/pdks/ciel/sky130/versions/3e0e31dcce8519a7dbb82590346db16d91b7244f/sky130A/libs.ref/sky130_fd_sc_hd/spice/sky130_ef_sc_hd__decap_80_12.spice'...
Reading SPICE netlist file '/Users/fidelmakatia/chipfoundry/senseedge/dependencies/pdks/ciel/sky130/versions/3e0e31dcce8519a7dbb82590346db16d91b7244f/sky130A/libs.ref/sky130_fd_sc_hd/spice/sky130_ef_sc_hd__fill_12.spice'...
Reading SPICE netlist file '/Users/fidelmakatia/chipfoundry/senseedge/dependencies/pdks/ciel/sky130/versions/3e0e31dcce8519a7dbb82590346db16d91b7244f/sky130A/libs.ref/sky130_fd_sc_hd/spice/sky130_ef_sc_hd__fill_2.spice'...
Reading SPICE netlist file '/Users/fidelmakatia/chipfoundry/senseedge/dependencies/pdks/ciel/sky130/versions/3e0e31dcce8519a7dbb82590346db16d91b7244f/sky130A/libs.ref/sky130_fd_sc_hd/spice/sky130_ef_sc_hd__fill_4.spice'...
Reading SPICE netlist file '/Users/fidelmakatia/chipfoundry/senseedge/dependencies/pdks/ciel/sky130/versions/3e0e31dcce8519a7dbb82590346db16d91b7244f/sky130A/libs.ref/sky130_fd_sc_hd/spice/sky130_ef_sc_hd__fill_8.spice'...
Reading SPICE netlist file '/Users/fidelmakatia/chipfoundry/senseedge/dependencies/pdks/ciel/sky130/versions/3e0e31dcce8519a7dbb82590346db16d91b7244f/sky130A/libs.ref/sky130_fd_sc_hd/spice/sky130_fd_sc_hd.spice'...
Call to undefined subcircuit sky130_fd_pr__res_generic_po
Creating placeholder cell definition.
Call to undefined subcircuit sky130_fd_pr__special_nfet_01v8
Creating placeholder cell definition.
Call to undefined subcircuit sky130_fd_pr__diode_pw2nd_05v5
Creating placeholder cell definition.
Call to undefined subcircuit sky130_fd_pr__special_pfet_01v8_hvt
Creating placeholder cell definition.
Call to undefined subcircuit sky130_fd_sc_hd__nand2_2
Creating placeholder cell definition.
Call to undefined subcircuit sky130_fd_sc_hd__nor2_2
Creating placeholder cell definition.
Warning:  A case-insensitive file has been read and so the	verilog file must be treated case-insensitive to match.
Note:  Implicit pin LO in instance senseedge_top_3132 of sky130_fd_sc_hd__conb_1 in cell senseedge_top
Note:  Implicit pin LO in instance senseedge_top_3133 of sky130_fd_sc_hd__conb_1 in cell senseedge_top
Note:  Implicit pin LO in instance senseedge_top_3134 of sky130_fd_sc_hd__conb_1 in cell senseedge_top
Note:  Implicit pin LO in instance senseedge_top_3135 of sky130_fd_sc_hd__conb_1 in cell senseedge_top
Note:  Implicit pin LO in instance senseedge_top_3136 of sky130_fd_sc_hd__conb_1 in cell senseedge_top
Note:  Implicit pin LO in instance senseedge_top_3137 of sky130_fd_sc_hd__conb_1 in cell senseedge_top
Note:  Implicit pin LO in instance senseedge_top_3138 of sky130_fd_sc_hd__conb_1 in cell senseedge_top
Note:  Implicit pin LO in instance senseedge_top_3139 of sky130_fd_sc_hd__conb_1 in cell senseedge_top
Note:  Implicit pin LO in instance senseedge_top_3140 of sky130_fd_sc_hd__conb_1 in cell senseedge_top
Note:  Implicit pin LO in instance senseedge_top_3141 of sky130_fd_sc_hd__conb_1 in cell senseedge_top
Note:  Implicit pin LO in instance senseedge_top_3142 of sky130_fd_sc_hd__conb_1 in cell senseedge_top
Note:  Implicit pin HI in instance senseedge_top_2994 of sky130_fd_sc_hd__conb_1 in cell senseedge_top
Note:  Implicit pin HI in instance senseedge_top_2995 of sky130_fd_sc_hd__conb_1 in cell senseedge_top
Note:  Implicit pin HI in instance senseedge_top_2996 of sky130_fd_sc_hd__conb_1 in cell senseedge_top
Note:  Implicit pin HI in instance senseedge_top_2997 of sky130_fd_sc_hd__conb_1 in cell senseedge_top
Note:  Implicit pin HI in instance senseedge_top_2998 of sky130_fd_sc_hd__conb_1 in cell senseedge_top
Note:  Implicit pin HI in instance senseedge_top_2999 of sky130_fd_sc_hd__conb_1 in cell senseedge_top
Note:  Implicit pin HI in instance senseedge_top_3000 of sky130_fd_sc_hd__conb_1 in cell senseedge_top
Note:  Implicit pin HI in instance senseedge_top_3001 of sky130_fd_sc_hd__conb_1 in cell senseedge_top
Note:  Implicit pin HI in instance senseedge_top_3002 of sky130_fd_sc_hd__conb_1 in cell senseedge_top
Note:  Implicit pin HI in instance senseedge_top_3003 of sky130_fd_sc_hd__conb_1 in cell senseedge_top
Note:  Implicit pin HI in instance senseedge_top_3004 of sky130_fd_sc_hd__conb_1 in cell senseedge_top
Note:  Implicit pin HI in instance senseedge_top_3005 of sky130_fd_sc_hd__conb_1 in cell senseedge_top
Note:  Implicit pin HI in instance senseedge_top_3006 of sky130_fd_sc_hd__conb_1 in cell senseedge_top
Note:  Implicit pin HI in instance senseedge_top_3007 of sky130_fd_sc_hd__conb_1 in cell senseedge_top
Note:  Implicit pin HI in instance senseedge_top_3008 of sky130_fd_sc_hd__conb_1 in cell senseedge_top
Note:  Implicit pin HI in instance senseedge_top_3009 of sky130_fd_sc_hd__conb_1 in cell senseedge_top
Note:  Implicit pin HI in instance senseedge_top_3010 of sky130_fd_sc_hd__conb_1 in cell senseedge_top
Note:  Implicit pin HI in instance senseedge_top_3011 of sky130_fd_sc_hd__conb_1 in cell senseedge_top
Note:  Implicit pin HI in instance senseedge_top_3012 of sky130_fd_sc_hd__conb_1 in cell senseedge_top
Note:  Implicit pin HI in instance senseedge_top_3013 of sky130_fd_sc_hd__conb_1 in cell senseedge_top
Note:  Implicit pin HI in instance senseedge_top_3014 of sky130_fd_sc_hd__conb_1 in cell senseedge_top
Note:  Implicit pin HI in instance senseedge_top_3015 of sky130_fd_sc_hd__conb_1 in cell senseedge_top
Note:  Implicit pin HI in instance senseedge_top_3016 of sky130_fd_sc_hd__conb_1 in cell senseedge_top
Note:  Implicit pin HI in instance senseedge_top_3017 of sky130_fd_sc_hd__conb_1 in cell senseedge_top
Note:  Implicit pin HI in instance senseedge_top_3018 of sky130_fd_sc_hd__conb_1 in cell senseedge_top
Note:  Implicit pin HI in instance senseedge_top_3019 of sky130_fd_sc_hd__conb_1 in cell senseedge_top
Note:  Implicit pin HI in instance senseedge_top_3020 of sky130_fd_sc_hd__conb_1 in cell senseedge_top
Note:  Implicit pin HI in instance senseedge_top_3021 of sky130_fd_sc_hd__conb_1 in cell senseedge_top
Note:  Implicit pin HI in instance senseedge_top_3022 of sky130_fd_sc_hd__conb_1 in cell senseedge_top
Note:  Implicit pin HI in instance senseedge_top_3023 of sky130_fd_sc_hd__conb_1 in cell senseedge_top
Note:  Implicit pin HI in instance senseedge_top_3024 of sky130_fd_sc_hd__conb_1 in cell senseedge_top
Note:  Implicit pin HI in instance senseedge_top_3025 of sky130_fd_sc_hd__conb_1 in cell senseedge_top
Note:  Implicit pin HI in instance senseedge_top_3026 of sky130_fd_sc_hd__conb_1 in cell senseedge_top
Note:  Implicit pin HI in instance senseedge_top_3027 of sky130_fd_sc_hd__conb_1 in cell senseedge_top
Note:  Implicit pin HI in instance senseedge_top_3028 of sky130_fd_sc_hd__conb_1 in cell senseedge_top
Note:  Implicit pin HI in instance senseedge_top_3029 of sky130_fd_sc_hd__conb_1 in cell senseedge_top
Note:  Implicit pin HI in instance senseedge_top_3030 of sky130_fd_sc_hd__conb_1 in cell senseedge_top
Note:  Implicit pin HI in instance senseedge_top_3031 of sky130_fd_sc_hd__conb_1 in cell senseedge_top
Note:  Implicit pin HI in instance senseedge_top_3032 of sky130_fd_sc_hd__conb_1 in cell senseedge_top
Note:  Implicit pin HI in instance senseedge_top_3033 of sky130_fd_sc_hd__conb_1 in cell senseedge_top
Note:  Implicit pin HI in instance senseedge_top_3034 of sky130_fd_sc_hd__conb_1 in cell senseedge_top
Note:  Implicit pin HI in instance senseedge_top_3035 of sky130_fd_sc_hd__conb_1 in cell senseedge_top
Note:  Implicit pin HI in instance senseedge_top_3036 of sky130_fd_sc_hd__conb_1 in cell senseedge_top
Note:  Implicit pin HI in instance senseedge_top_3037 of sky130_fd_sc_hd__conb_1 in cell senseedge_top
Note:  Implicit pin HI in instance senseedge_top_3038 of sky130_fd_sc_hd__conb_1 in cell senseedge_top
Note:  Implicit pin HI in instance senseedge_top_3039 of sky130_fd_sc_hd__conb_1 in cell senseedge_top
Note:  Implicit pin HI in instance senseedge_top_3040 of sky130_fd_sc_hd__conb_1 in cell senseedge_top
Note:  Implicit pin HI in instance senseedge_top_3041 of sky130_fd_sc_hd__conb_1 in cell senseedge_top
Note:  Implicit pin HI in instance senseedge_top_3042 of sky130_fd_sc_hd__conb_1 in cell senseedge_top
Note:  Implicit pin HI in instance senseedge_top_3043 of sky130_fd_sc_hd__conb_1 in cell senseedge_top
Note:  Implicit pin HI in instance senseedge_top_3044 of sky130_fd_sc_hd__conb_1 in cell senseedge_top
Note:  Implicit pin HI in instance senseedge_top_3045 of sky130_fd_sc_hd__conb_1 in cell senseedge_top
Note:  Implicit pin HI in instance senseedge_top_3046 of sky130_fd_sc_hd__conb_1 in cell senseedge_top
Note:  Implicit pin HI in instance senseedge_top_3047 of sky130_fd_sc_hd__conb_1 in cell senseedge_top
Note:  Implicit pin HI in instance senseedge_top_3048 of sky130_fd_sc_hd__conb_1 in cell senseedge_top
Note:  Implicit pin HI in instance senseedge_top_3049 of sky130_fd_sc_hd__conb_1 in cell senseedge_top
Note:  Implicit pin HI in instance senseedge_top_3050 of sky130_fd_sc_hd__conb_1 in cell senseedge_top
Note:  Implicit pin HI in instance senseedge_top_3051 of sky130_fd_sc_hd__conb_1 in cell senseedge_top
Note:  Implicit pin HI in instance senseedge_top_3052 of sky130_fd_sc_hd__conb_1 in cell senseedge_top
Note:  Implicit pin HI in instance senseedge_top_3053 of sky130_fd_sc_hd__conb_1 in cell senseedge_top
Note:  Implicit pin HI in instance senseedge_top_3054 of sky130_fd_sc_hd__conb_1 in cell senseedge_top
Note:  Implicit pin HI in instance senseedge_top_3055 of sky130_fd_sc_hd__conb_1 in cell senseedge_top
Note:  Implicit pin HI in instance senseedge_top_3056 of sky130_fd_sc_hd__conb_1 in cell senseedge_top
Note:  Implicit pin HI in instance senseedge_top_3057 of sky130_fd_sc_hd__conb_1 in cell senseedge_top
Note:  Implicit pin HI in instance senseedge_top_3058 of sky130_fd_sc_hd__conb_1 in cell senseedge_top
Note:  Implicit pin HI in instance senseedge_top_3059 of sky130_fd_sc_hd__conb_1 in cell senseedge_top
Note:  Implicit pin HI in instance senseedge_top_3060 of sky130_fd_sc_hd__conb_1 in cell senseedge_top
Note:  Implicit pin HI in instance senseedge_top_3061 of sky130_fd_sc_hd__conb_1 in cell senseedge_top
Note:  Implicit pin HI in instance senseedge_top_3062 of sky130_fd_sc_hd__conb_1 in cell senseedge_top
Note:  Implicit pin HI in instance senseedge_top_3063 of sky130_fd_sc_hd__conb_1 in cell senseedge_top
Note:  Implicit pin HI in instance senseedge_top_3064 of sky130_fd_sc_hd__conb_1 in cell senseedge_top
Note:  Implicit pin HI in instance senseedge_top_3065 of sky130_fd_sc_hd__conb_1 in cell senseedge_top
Note:  Implicit pin HI in instance senseedge_top_3066 of sky130_fd_sc_hd__conb_1 in cell senseedge_top
Note:  Implicit pin HI in instance senseedge_top_3067 of sky130_fd_sc_hd__conb_1 in cell senseedge_top
Note:  Implicit pin HI in instance senseedge_top_3068 of sky130_fd_sc_hd__conb_1 in cell senseedge_top
Note:  Implicit pin HI in instance senseedge_top_3069 of sky130_fd_sc_hd__conb_1 in cell senseedge_top
Note:  Implicit pin HI in instance senseedge_top_3070 of sky130_fd_sc_hd__conb_1 in cell senseedge_top
Note:  Implicit pin HI in instance senseedge_top_3071 of sky130_fd_sc_hd__conb_1 in cell senseedge_top
Note:  Implicit pin HI in instance senseedge_top_3072 of sky130_fd_sc_hd__conb_1 in cell senseedge_top
Note:  Implicit pin HI in instance senseedge_top_3073 of sky130_fd_sc_hd__conb_1 in cell senseedge_top
Note:  Implicit pin HI in instance senseedge_top_3074 of sky130_fd_sc_hd__conb_1 in cell senseedge_top
Note:  Implicit pin HI in instance senseedge_top_3075 of sky130_fd_sc_hd__conb_1 in cell senseedge_top
Note:  Implicit pin HI in instance senseedge_top_3076 of sky130_fd_sc_hd__conb_1 in cell senseedge_top
Note:  Implicit pin HI in instance senseedge_top_3077 of sky130_fd_sc_hd__conb_1 in cell senseedge_top
Note:  Implicit pin HI in instance senseedge_top_3078 of sky130_fd_sc_hd__conb_1 in cell senseedge_top
Note:  Implicit pin HI in instance senseedge_top_3079 of sky130_fd_sc_hd__conb_1 in cell senseedge_top
Note:  Implicit pin HI in instance senseedge_top_3080 of sky130_fd_sc_hd__conb_1 in cell senseedge_top
Note:  Implicit pin HI in instance senseedge_top_3081 of sky130_fd_sc_hd__conb_1 in cell senseedge_top
Note:  Implicit pin HI in instance senseedge_top_3082 of sky130_fd_sc_hd__conb_1 in cell senseedge_top
Note:  Implicit pin HI in instance senseedge_top_3083 of sky130_fd_sc_hd__conb_1 in cell senseedge_top
Note:  Implicit pin HI in instance senseedge_top_3084 of sky130_fd_sc_hd__conb_1 in cell senseedge_top
Note:  Implicit pin HI in instance senseedge_top_3085 of sky130_fd_sc_hd__conb_1 in cell senseedge_top
Note:  Implicit pin HI in instance senseedge_top_3086 of sky130_fd_sc_hd__conb_1 in cell senseedge_top
Note:  Implicit pin HI in instance senseedge_top_3087 of sky130_fd_sc_hd__conb_1 in cell senseedge_top
Note:  Implicit pin HI in instance senseedge_top_3088 of sky130_fd_sc_hd__conb_1 in cell senseedge_top
Note:  Implicit pin HI in instance senseedge_top_3089 of sky130_fd_sc_hd__conb_1 in cell senseedge_top
Note:  Implicit pin HI in instance senseedge_top_3090 of sky130_fd_sc_hd__conb_1 in cell senseedge_top
Note:  Implicit pin HI in instance senseedge_top_3091 of sky130_fd_sc_hd__conb_1 in cell senseedge_top
Note:  Implicit pin HI in instance senseedge_top_3092 of sky130_fd_sc_hd__conb_1 in cell senseedge_top
Note:  Implicit pin HI in instance senseedge_top_3093 of sky130_fd_sc_hd__conb_1 in cell senseedge_top
Note:  Implicit pin HI in instance senseedge_top_3094 of sky130_fd_sc_hd__conb_1 in cell senseedge_top
Note:  Implicit pin HI in instance senseedge_top_3095 of sky130_fd_sc_hd__conb_1 in cell senseedge_top
Note:  Implicit pin HI in instance senseedge_top_3096 of sky130_fd_sc_hd__conb_1 in cell senseedge_top
Note:  Implicit pin HI in instance senseedge_top_3097 of sky130_fd_sc_hd__conb_1 in cell senseedge_top
Note:  Implicit pin HI in instance senseedge_top_3098 of sky130_fd_sc_hd__conb_1 in cell senseedge_top
Note:  Implicit pin HI in instance senseedge_top_3099 of sky130_fd_sc_hd__conb_1 in cell senseedge_top
Note:  Implicit pin HI in instance senseedge_top_3100 of sky130_fd_sc_hd__conb_1 in cell senseedge_top
Note:  Implicit pin HI in instance senseedge_top_3101 of sky130_fd_sc_hd__conb_1 in cell senseedge_top
Note:  Implicit pin HI in instance senseedge_top_3102 of sky130_fd_sc_hd__conb_1 in cell senseedge_top
Note:  Implicit pin HI in instance senseedge_top_3103 of sky130_fd_sc_hd__conb_1 in cell senseedge_top
Note:  Implicit pin HI in instance senseedge_top_3104 of sky130_fd_sc_hd__conb_1 in cell senseedge_top
Note:  Implicit pin HI in instance senseedge_top_3105 of sky130_fd_sc_hd__conb_1 in cell senseedge_top
Note:  Implicit pin HI in instance senseedge_top_3106 of sky130_fd_sc_hd__conb_1 in cell senseedge_top
Note:  Implicit pin HI in instance senseedge_top_3107 of sky130_fd_sc_hd__conb_1 in cell senseedge_top
Note:  Implicit pin HI in instance senseedge_top_3108 of sky130_fd_sc_hd__conb_1 in cell senseedge_top
Note:  Implicit pin HI in instance senseedge_top_3109 of sky130_fd_sc_hd__conb_1 in cell senseedge_top
Note:  Implicit pin HI in instance senseedge_top_3110 of sky130_fd_sc_hd__conb_1 in cell senseedge_top
Note:  Implicit pin HI in instance senseedge_top_3111 of sky130_fd_sc_hd__conb_1 in cell senseedge_top
Note:  Implicit pin HI in instance senseedge_top_3112 of sky130_fd_sc_hd__conb_1 in cell senseedge_top
Note:  Implicit pin HI in instance senseedge_top_3113 of sky130_fd_sc_hd__conb_1 in cell senseedge_top
Note:  Implicit pin HI in instance senseedge_top_3114 of sky130_fd_sc_hd__conb_1 in cell senseedge_top
Note:  Implicit pin HI in instance senseedge_top_3115 of sky130_fd_sc_hd__conb_1 in cell senseedge_top
Note:  Implicit pin HI in instance senseedge_top_3116 of sky130_fd_sc_hd__conb_1 in cell senseedge_top
Note:  Implicit pin HI in instance senseedge_top_3117 of sky130_fd_sc_hd__conb_1 in cell senseedge_top
Note:  Implicit pin HI in instance senseedge_top_3118 of sky130_fd_sc_hd__conb_1 in cell senseedge_top
Note:  Implicit pin HI in instance senseedge_top_3119 of sky130_fd_sc_hd__conb_1 in cell senseedge_top
Note:  Implicit pin HI in instance senseedge_top_3120 of sky130_fd_sc_hd__conb_1 in cell senseedge_top
Note:  Implicit pin HI in instance senseedge_top_3121 of sky130_fd_sc_hd__conb_1 in cell senseedge_top
Note:  Implicit pin HI in instance senseedge_top_3122 of sky130_fd_sc_hd__conb_1 in cell senseedge_top
Note:  Implicit pin HI in instance senseedge_top_3123 of sky130_fd_sc_hd__conb_1 in cell senseedge_top
Note:  Implicit pin HI in instance senseedge_top_3124 of sky130_fd_sc_hd__conb_1 in cell senseedge_top
Note:  Implicit pin HI in instance senseedge_top_3125 of sky130_fd_sc_hd__conb_1 in cell senseedge_top
Note:  Implicit pin HI in instance senseedge_top_3126 of sky130_fd_sc_hd__conb_1 in cell senseedge_top
Note:  Implicit pin HI in instance senseedge_top_3127 of sky130_fd_sc_hd__conb_1 in cell senseedge_top
Note:  Implicit pin HI in instance senseedge_top_3128 of sky130_fd_sc_hd__conb_1 in cell senseedge_top
Note:  Implicit pin HI in instance senseedge_top_3129 of sky130_fd_sc_hd__conb_1 in cell senseedge_top
Note:  Implicit pin HI in instance senseedge_top_3130 of sky130_fd_sc_hd__conb_1 in cell senseedge_top
Note:  Implicit pin LO in instance senseedge_top_3131 of sky130_fd_sc_hd__conb_1 in cell senseedge_top
Note:  Implicit pin HI in instance senseedge_top_2993 of sky130_fd_sc_hd__conb_1 in cell senseedge_top
Note:  Implicit pin Y in instance clkload0 of sky130_fd_sc_hd__inv_6 in cell senseedge_top
Note:  Implicit pin Y in instance clkload1 of sky130_fd_sc_hd__clkinvlp_4 in cell senseedge_top
Note:  Implicit pin Y in instance clkload2 of sky130_fd_sc_hd__clkinv_4 in cell senseedge_top
Note:  Implicit pin Y in instance clkload3 of sky130_fd_sc_hd__inv_1 in cell senseedge_top
Note:  Implicit pin Y in instance clkload4 of sky130_fd_sc_hd__inv_8 in cell senseedge_top
Note:  Implicit pin Y in instance clkload5 of sky130_fd_sc_hd__clkinvlp_4 in cell senseedge_top
Note:  Implicit pin Y in instance clkload6 of sky130_fd_sc_hd__inv_6 in cell senseedge_top
Note:  Implicit pin Y in instance clkload7 of sky130_fd_sc_hd__clkinv_8 in cell senseedge_top
Note:  Implicit pin X in instance clkload8 of sky130_fd_sc_hd__clkbuf_2 in cell senseedge_top
Note:  Implicit pin X in instance clkload9 of sky130_fd_sc_hd__clkbuf_8 in cell senseedge_top
Note:  Implicit pin Y in instance clkload10 of sky130_fd_sc_hd__clkinvlp_4 in cell senseedge_top
Note:  Implicit pin Y in instance clkload11 of sky130_fd_sc_hd__inv_6 in cell senseedge_top
Note:  Implicit pin Y in instance clkload12 of sky130_fd_sc_hd__clkinv_8 in cell senseedge_top
Note:  Implicit pin Y in instance clkload13 of sky130_fd_sc_hd__inv_6 in cell senseedge_top
Note:  Implicit pin Y in instance clkload14 of sky130_fd_sc_hd__clkinvlp_4 in cell senseedge_top
Note:  Implicit pin Y in instance clkload15 of sky130_fd_sc_hd__clkinvlp_4 in cell senseedge_top
Note:  Implicit pin Y in instance clkload16 of sky130_fd_sc_hd__clkinvlp_4 in cell senseedge_top
Note:  Implicit pin X in instance clkload17 of sky130_fd_sc_hd__clkbuf_8 in cell senseedge_top
Note:  Implicit pin X in instance clkload18 of sky130_fd_sc_hd__clkbuf_8 in cell senseedge_top
Note:  Implicit pin Y in instance clkload19 of sky130_fd_sc_hd__clkinvlp_4 in cell senseedge_top
Note:  Implicit pin Y in instance clkload20 of sky130_fd_sc_hd__clkinv_8 in cell senseedge_top
Note:  Implicit pin Y in instance clkload21 of sky130_fd_sc_hd__clkinv_16 in cell senseedge_top
Note:  Implicit pin Y in instance clkload22 of sky130_fd_sc_hd__inv_12 in cell senseedge_top
Note:  Implicit pin Y in instance clkload23 of sky130_fd_sc_hd__inv_12 in cell senseedge_top
Note:  Implicit pin X in instance clkload24 of sky130_fd_sc_hd__clkbuf_8 in cell senseedge_top
Note:  Implicit pin Y in instance clkload25 of sky130_fd_sc_hd__inv_6 in cell senseedge_top
Note:  Implicit pin Y in instance clkload26 of sky130_fd_sc_hd__clkinv_8 in cell senseedge_top
Note:  Implicit pin Y in instance clkload27 of sky130_fd_sc_hd__inv_8 in cell senseedge_top
Note:  Implicit pin Y in instance clkload28 of sky130_fd_sc_hd__clkinv_8 in cell senseedge_top
Note:  Implicit pin Y in instance clkload29 of sky130_fd_sc_hd__inv_6 in cell senseedge_top
Note:  Implicit pin Y in instance clkload30 of sky130_fd_sc_hd__inv_8 in cell senseedge_top
Note:  Implicit pin Y in instance clkload31 of sky130_fd_sc_hd__inv_6 in cell senseedge_top
Note:  Implicit pin Y in instance clkload32 of sky130_fd_sc_hd__inv_12 in cell senseedge_top
Note:  Implicit pin Y in instance clkload33 of sky130_fd_sc_hd__clkinv_4 in cell senseedge_top
Note:  Implicit pin Y in instance clkload34 of sky130_fd_sc_hd__clkinv_8 in cell senseedge_top
Note:  Implicit pin Y in instance clkload35 of sky130_fd_sc_hd__inv_6 in cell senseedge_top
Note:  Implicit pin Y in instance clkload36 of sky130_fd_sc_hd__clkinv_8 in cell senseedge_top
Note:  Implicit pin Y in instance clkload37 of sky130_fd_sc_hd__inv_6 in cell senseedge_top
Note:  Implicit pin X in instance clkload38 of sky130_fd_sc_hd__clkbuf_4 in cell senseedge_top
Note:  Implicit pin Y in instance clkload39 of sky130_fd_sc_hd__inv_12 in cell senseedge_top
Note:  Implicit pin Y in instance clkload40 of sky130_fd_sc_hd__inv_16 in cell senseedge_top
Note:  Implicit pin Y in instance clkload41 of sky130_fd_sc_hd__inv_12 in cell senseedge_top
Note:  Implicit pin X in instance clkload42 of sky130_fd_sc_hd__clkbuf_8 in cell senseedge_top
Note:  Implicit pin Y in instance clkload43 of sky130_fd_sc_hd__clkinv_8 in cell senseedge_top
Note:  Implicit pin X in instance clkload44 of sky130_fd_sc_hd__clkbuf_4 in cell senseedge_top
Note:  Implicit pin Y in instance clkload45 of sky130_fd_sc_hd__bufinv_16 in cell senseedge_top
Note:  Implicit pin Y in instance clkload46 of sky130_fd_sc_hd__inv_6 in cell senseedge_top
Note:  Implicit pin Y in instance clkload47 of sky130_fd_sc_hd__inv_4 in cell senseedge_top
Note:  Implicit pin Y in instance clkload48 of sky130_fd_sc_hd__clkinv_2 in cell senseedge_top
Note:  Implicit pin X in instance clkload49 of sky130_fd_sc_hd__clkbuf_8 in cell senseedge_top
Note:  Implicit pin Y in instance clkload50 of sky130_fd_sc_hd__clkinv_2 in cell senseedge_top
Note:  Implicit pin X in instance clkload51 of sky130_fd_sc_hd__clkbuf_8 in cell senseedge_top
Note:  Implicit pin X in instance clkload52 of sky130_fd_sc_hd__clkbuf_4 in cell senseedge_top
Note:  Implicit pin X in instance clkload53 of sky130_fd_sc_hd__clkbuf_8 in cell senseedge_top
Note:  Implicit pin Y in instance clkload54 of sky130_fd_sc_hd__clkinv_4 in cell senseedge_top
Note:  Implicit pin Y in instance clkload55 of sky130_fd_sc_hd__inv_6 in cell senseedge_top
Note:  Implicit pin Y in instance clkload56 of sky130_fd_sc_hd__inv_6 in cell senseedge_top
Note:  Implicit pin Y in instance clkload57 of sky130_fd_sc_hd__clkinvlp_4 in cell senseedge_top
Note:  Implicit pin Y in instance clkload58 of sky130_fd_sc_hd__clkinv_2 in cell senseedge_top
Note:  Implicit pin X in instance clkload59 of sky130_fd_sc_hd__clkbuf_4 in cell senseedge_top
Note:  Implicit pin Y in instance clkload60 of sky130_fd_sc_hd__clkinv_2 in cell senseedge_top
Note:  Implicit pin Y in instance clkload61 of sky130_fd_sc_hd__clkinv_4 in cell senseedge_top
Note:  Implicit pin Y in instance clkload62 of sky130_fd_sc_hd__inv_6 in cell senseedge_top
Note:  Implicit pin X in instance clkload63 of sky130_fd_sc_hd__clkbuf_8 in cell senseedge_top
Note:  Implicit pin Y in instance clkload64 of sky130_fd_sc_hd__inv_6 in cell senseedge_top
Note:  Implicit pin Y in instance clkload65 of sky130_fd_sc_hd__inv_8 in cell senseedge_top
Note:  Implicit pin Y in instance clkload66 of sky130_fd_sc_hd__clkinvlp_4 in cell senseedge_top
Note:  Implicit pin Y in instance clkload67 of sky130_fd_sc_hd__clkinv_8 in cell senseedge_top
Note:  Implicit pin Y in instance clkload68 of sky130_fd_sc_hd__inv_8 in cell senseedge_top
Note:  Implicit pin Y in instance clkload69 of sky130_fd_sc_hd__inv_8 in cell senseedge_top
Note:  Implicit pin Y in instance clkload70 of sky130_fd_sc_hd__clkinv_4 in cell senseedge_top
Note:  Implicit pin Y in instance clkload71 of sky130_fd_sc_hd__bufinv_16 in cell senseedge_top
Note:  Implicit pin Y in instance clkload72 of sky130_fd_sc_hd__clkinv_4 in cell senseedge_top
Note:  Implicit pin Y in instance clkload73 of sky130_fd_sc_hd__inv_6 in cell senseedge_top
Note:  Implicit pin Y in instance clkload74 of sky130_fd_sc_hd__clkinv_8 in cell senseedge_top
Note:  Implicit pin Y in instance clkload75 of sky130_fd_sc_hd__inv_8 in cell senseedge_top
Note:  Implicit pin Y in instance clkload76 of sky130_fd_sc_hd__inv_6 in cell senseedge_top
Note:  Implicit pin Y in instance clkload77 of sky130_fd_sc_hd__clkinv_8 in cell senseedge_top
Note:  Implicit pin X in instance clkload78 of sky130_fd_sc_hd__clkbuf_8 in cell senseedge_top
Note:  Implicit pin Y in instance clkload79 of sky130_fd_sc_hd__inv_8 in cell senseedge_top
Note:  Implicit pin Y in instance clkload80 of sky130_fd_sc_hd__clkinv_4 in cell senseedge_top
Note:  Implicit pin Y in instance clkload81 of sky130_fd_sc_hd__clkinv_4 in cell senseedge_top
Note:  Implicit pin Y in instance clkload82 of sky130_fd_sc_hd__inv_6 in cell senseedge_top
Note:  Implicit pin Y in instance clkload83 of sky130_fd_sc_hd__clkinv_4 in cell senseedge_top
Note:  Implicit pin Y in instance clkload84 of sky130_fd_sc_hd__clkinv_4 in cell senseedge_top
Note:  Implicit pin Y in instance clkload85 of sky130_fd_sc_hd__clkinv_2 in cell senseedge_top
Note:  Implicit pin X in instance clkload86 of sky130_fd_sc_hd__clkbuf_8 in cell senseedge_top
Note:  Implicit pin Y in instance clkload87 of sky130_fd_sc_hd__inv_6 in cell senseedge_top
Note:  Implicit pin Y in instance clkload88 of sky130_fd_sc_hd__clkinv_4 in cell senseedge_top
Note:  Implicit pin X in instance clkload89 of sky130_fd_sc_hd__clkbuf_8 in cell senseedge_top
Note:  Implicit pin Y in instance clkload90 of sky130_fd_sc_hd__bufinv_16 in cell senseedge_top
Note:  Implicit pin Y in instance clkload91 of sky130_fd_sc_hd__inv_6 in cell senseedge_top
Note:  Implicit pin X in instance clkload92 of sky130_fd_sc_hd__clkbuf_4 in cell senseedge_top
Note:  Implicit pin Y in instance clkload93 of sky130_fd_sc_hd__bufinv_16 in cell senseedge_top
Note:  Implicit pin Y in instance clkload94 of sky130_fd_sc_hd__bufinv_16 in cell senseedge_top
Note:  Implicit pin Y in instance clkload95 of sky130_fd_sc_hd__clkinv_4 in cell senseedge_top
Note:  Implicit pin Y in instance clkload96 of sky130_fd_sc_hd__inv_4 in cell senseedge_top
Note:  Implicit pin Y in instance clkload97 of sky130_fd_sc_hd__bufinv_16 in cell senseedge_top
Note:  Implicit pin Y in instance clkload98 of sky130_fd_sc_hd__inv_8 in cell senseedge_top
Note:  Implicit pin Y in instance clkload99 of sky130_fd_sc_hd__clkinv_2 in cell senseedge_top
Note:  Implicit pin Y in instance clkload100 of sky130_fd_sc_hd__inv_12 in cell senseedge_top
Note:  Implicit pin X in instance clkload101 of sky130_fd_sc_hd__clkbuf_8 in cell senseedge_top
Note:  Implicit pin Y in instance clkload102 of sky130_fd_sc_hd__inv_6 in cell senseedge_top
Note:  Implicit pin Y in instance clkload103 of sky130_fd_sc_hd__clkinv_4 in cell senseedge_top
Note:  Implicit pin Y in instance clkload104 of sky130_fd_sc_hd__inv_6 in cell senseedge_top
Note:  Implicit pin Y in instance clkload105 of sky130_fd_sc_hd__inv_8 in cell senseedge_top
Note:  Implicit pin Y in instance clkload106 of sky130_fd_sc_hd__inv_6 in cell senseedge_top
Note:  Implicit pin Y in instance clkload107 of sky130_fd_sc_hd__inv_12 in cell senseedge_top
Note:  Implicit pin Y in instance clkload108 of sky130_fd_sc_hd__bufinv_16 in cell senseedge_top
Note:  Implicit pin Y in instance clkload109 of sky130_fd_sc_hd__clkinv_4 in cell senseedge_top
Note:  Implicit pin Y in instance clkload110 of sky130_fd_sc_hd__clkinvlp_4 in cell senseedge_top
Note:  Implicit pin Y in instance clkload111 of sky130_fd_sc_hd__clkinv_2 in cell senseedge_top
Note:  Implicit pin Y in instance clkload112 of sky130_fd_sc_hd__inv_6 in cell senseedge_top
Note:  Implicit pin X in instance clkload113 of sky130_fd_sc_hd__clkbuf_4 in cell senseedge_top
Note:  Implicit pin Y in instance clkload114 of sky130_fd_sc_hd__inv_6 in cell senseedge_top
Note:  Implicit pin Y in instance clkload115 of sky130_fd_sc_hd__inv_6 in cell senseedge_top
Note:  Implicit pin Y in instance clkload116 of sky130_fd_sc_hd__clkinv_2 in cell senseedge_top
Note:  Implicit pin Y in instance clkload117 of sky130_fd_sc_hd__inv_6 in cell senseedge_top
Note:  Implicit pin Y in instance clkload118 of sky130_fd_sc_hd__clkinv_4 in cell senseedge_top
Note:  Implicit pin Y in instance clkload119 of sky130_fd_sc_hd__inv_6 in cell senseedge_top
Note:  Implicit pin Y in instance clkload120 of sky130_fd_sc_hd__bufinv_16 in cell senseedge_top
Note:  Implicit pin X in instance clkload121 of sky130_fd_sc_hd__clkbuf_8 in cell senseedge_top
Note:  Implicit pin Y in instance clkload122 of sky130_fd_sc_hd__inv_6 in cell senseedge_top
Note:  Implicit pin Y in instance clkload123 of sky130_fd_sc_hd__clkinv_4 in cell senseedge_top
Note:  Implicit pin Y in instance clkload124 of sky130_fd_sc_hd__inv_4 in cell senseedge_top
Note:  Implicit pin Y in instance clkload125 of sky130_fd_sc_hd__bufinv_16 in cell senseedge_top
Note:  Implicit pin Y in instance clkload126 of sky130_fd_sc_hd__clkinv_2 in cell senseedge_top
Note:  Implicit pin X in instance clkload127 of sky130_fd_sc_hd__clkbuf_8 in cell senseedge_top
Note:  Implicit pin Y in instance clkload128 of sky130_fd_sc_hd__clkinv_2 in cell senseedge_top
Note:  Implicit pin Y in instance clkload129 of sky130_fd_sc_hd__clkinvlp_4 in cell senseedge_top
Note:  Implicit pin Y in instance clkload130 of sky130_fd_sc_hd__clkinv_4 in cell senseedge_top
Note:  Implicit pin Y in instance clkload131 of sky130_fd_sc_hd__inv_6 in cell senseedge_top
Note:  Implicit pin Y in instance clkload132 of sky130_fd_sc_hd__bufinv_16 in cell senseedge_top
Note:  Implicit pin Y in instance clkload133 of sky130_fd_sc_hd__inv_8 in cell senseedge_top
Note:  Implicit pin X in instance clkload134 of sky130_fd_sc_hd__clkbuf_4 in cell senseedge_top
Note:  Implicit pin Y in instance clkload135 of sky130_fd_sc_hd__inv_6 in cell senseedge_top
Note:  Implicit pin X in instance clkload136 of sky130_fd_sc_hd__clkbuf_4 in cell senseedge_top
Note:  Implicit pin Y in instance clkload137 of sky130_fd_sc_hd__clkinv_4 in cell senseedge_top
Note:  Implicit pin Y in instance clkload138 of sky130_fd_sc_hd__clkinv_8 in cell senseedge_top
Note:  Implicit pin Y in instance clkload139 of sky130_fd_sc_hd__clkinv_8 in cell senseedge_top
Note:  Implicit pin Y in instance clkload140 of sky130_fd_sc_hd__clkinv_8 in cell senseedge_top
Note:  Implicit pin Y in instance clkload141 of sky130_fd_sc_hd__inv_4 in cell senseedge_top
Note:  Implicit pin Y in instance clkload142 of sky130_fd_sc_hd__inv_6 in cell senseedge_top
Note:  Implicit pin Y in instance clkload143 of sky130_fd_sc_hd__inv_8 in cell senseedge_top
Note:  Implicit pin Y in instance clkload144 of sky130_fd_sc_hd__inv_6 in cell senseedge_top
Note:  Implicit pin Y in instance clkload145 of sky130_fd_sc_hd__inv_6 in cell senseedge_top
Note:  Implicit pin Y in instance clkload146 of sky130_fd_sc_hd__inv_8 in cell senseedge_top
Note:  Implicit pin Y in instance clkload147 of sky130_fd_sc_hd__inv_8 in cell senseedge_top
Note:  Implicit pin Y in instance clkload148 of sky130_fd_sc_hd__inv_6 in cell senseedge_top
Note:  Implicit pin Y in instance clkload149 of sky130_fd_sc_hd__clkinv_4 in cell senseedge_top
Note:  Implicit pin Y in instance clkload150 of sky130_fd_sc_hd__inv_6 in cell senseedge_top
Note:  Implicit pin Y in instance clkload151 of sky130_fd_sc_hd__bufinv_16 in cell senseedge_top
Note:  Implicit pin Y in instance clkload152 of sky130_fd_sc_hd__bufinv_16 in cell senseedge_top
Note:  Implicit pin Y in instance clkload153 of sky130_fd_sc_hd__inv_6 in cell senseedge_top
Note:  Implicit pin Y in instance clkload154 of sky130_fd_sc_hd__clkinv_2 in cell senseedge_top
Note:  Implicit pin Y in instance clkload155 of sky130_fd_sc_hd__clkinv_2 in cell senseedge_top
Note:  Implicit pin Y in instance clkload156 of sky130_fd_sc_hd__inv_8 in cell senseedge_top
Note:  Implicit pin Y in instance clkload157 of sky130_fd_sc_hd__inv_4 in cell senseedge_top
Note:  Implicit pin Y in instance clkload158 of sky130_fd_sc_hd__inv_4 in cell senseedge_top
Note:  Implicit pin Y in instance clkload159 of sky130_fd_sc_hd__clkinv_8 in cell senseedge_top
Note:  Implicit pin Y in instance clkload160 of sky130_fd_sc_hd__inv_8 in cell senseedge_top
Note:  Implicit pin Y in instance clkload161 of sky130_fd_sc_hd__clkinvlp_4 in cell senseedge_top
Note:  Implicit pin Y in instance clkload162 of sky130_fd_sc_hd__clkinv_2 in cell senseedge_top
Note:  Implicit pin Y in instance clkload163 of sky130_fd_sc_hd__inv_8 in cell senseedge_top
Note:  Implicit pin Y in instance clkload164 of sky130_fd_sc_hd__clkinv_4 in cell senseedge_top
Note:  Implicit pin Y in instance clkload165 of sky130_fd_sc_hd__clkinv_8 in cell senseedge_top
Note:  Implicit pin Y in instance clkload166 of sky130_fd_sc_hd__inv_8 in cell senseedge_top
Note:  Implicit pin Y in instance clkload167 of sky130_fd_sc_hd__clkinv_4 in cell senseedge_top
Note:  Implicit pin Y in instance clkload168 of sky130_fd_sc_hd__inv_6 in cell senseedge_top
Note:  Implicit pin Y in instance clkload169 of sky130_fd_sc_hd__inv_12 in cell senseedge_top
Note:  Implicit pin Y in instance clkload170 of sky130_fd_sc_hd__clkinv_2 in cell senseedge_top
Note:  Implicit pin Y in instance clkload171 of sky130_fd_sc_hd__inv_6 in cell senseedge_top
Note:  Implicit pin Y in instance clkload172 of sky130_fd_sc_hd__inv_6 in cell senseedge_top
Note:  Implicit pin Y in instance clkload173 of sky130_fd_sc_hd__inv_6 in cell senseedge_top
Note:  Implicit pin Y in instance clkload174 of sky130_fd_sc_hd__inv_8 in cell senseedge_top
Note:  Implicit pin Y in instance clkload175 of sky130_fd_sc_hd__bufinv_16 in cell senseedge_top
Note:  Implicit pin Y in instance clkload176 of sky130_fd_sc_hd__clkinvlp_4 in cell senseedge_top
Note:  Implicit pin Y in instance clkload177 of sky130_fd_sc_hd__clkinv_4 in cell senseedge_top
Note:  Implicit pin Y in instance clkload178 of sky130_fd_sc_hd__inv_8 in cell senseedge_top
Note:  Implicit pin Y in instance clkload179 of sky130_fd_sc_hd__clkinvlp_4 in cell senseedge_top
Note:  Implicit pin Y in instance clkload180 of sky130_fd_sc_hd__inv_8 in cell senseedge_top
Note:  Implicit pin Y in instance clkload181 of sky130_fd_sc_hd__inv_6 in cell senseedge_top
Note:  Implicit pin X in instance clkload182 of sky130_fd_sc_hd__clkbuf_4 in cell senseedge_top
Note:  Implicit pin Y in instance clkload183 of sky130_fd_sc_hd__inv_8 in cell senseedge_top
Note:  Implicit pin Y in instance clkload184 of sky130_fd_sc_hd__inv_6 in cell senseedge_top
Note:  Implicit pin Y in instance clkload185 of sky130_fd_sc_hd__inv_8 in cell senseedge_top
Note:  Implicit pin Y in instance clkload186 of sky130_fd_sc_hd__clkinvlp_4 in cell senseedge_top
Note:  Implicit pin Y in instance clkload187 of sky130_fd_sc_hd__inv_8 in cell senseedge_top
Note:  Implicit pin Y in instance clkload188 of sky130_fd_sc_hd__clkinv_4 in cell senseedge_top
Note:  Implicit pin Y in instance clkload189 of sky130_fd_sc_hd__inv_8 in cell senseedge_top
Note:  Implicit pin Y in instance clkload190 of sky130_fd_sc_hd__inv_4 in cell senseedge_top
Note:  Implicit pin Y in instance clkload191 of sky130_fd_sc_hd__inv_8 in cell senseedge_top
Note:  Implicit pin Y in instance clkload192 of sky130_fd_sc_hd__inv_8 in cell senseedge_top
Note:  Implicit pin Y in instance clkload193 of sky130_fd_sc_hd__inv_8 in cell senseedge_top
Note:  Implicit pin Y in instance clkload194 of sky130_fd_sc_hd__inv_6 in cell senseedge_top
Note:  Implicit pin Y in instance clkload195 of sky130_fd_sc_hd__inv_12 in cell senseedge_top
Note:  Implicit pin Y in instance clkload196 of sky130_fd_sc_hd__inv_12 in cell senseedge_top
Note:  Implicit pin Y in instance clkload197 of sky130_fd_sc_hd__inv_6 in cell senseedge_top
Note:  Implicit pin Y in instance clkload198 of sky130_fd_sc_hd__inv_12 in cell senseedge_top
Note:  Implicit pin Y in instance clkload199 of sky130_fd_sc_hd__inv_12 in cell senseedge_top
Note:  Implicit pin Y in instance clkload200 of sky130_fd_sc_hd__clkinv_4 in cell senseedge_top
Note:  Implicit pin Y in instance clkload201 of sky130_fd_sc_hd__clkinv_1 in cell senseedge_top
Note:  Implicit pin X in instance clkload202 of sky130_fd_sc_hd__clkbuf_4 in cell senseedge_top
Note:  Implicit pin Y in instance clkload203 of sky130_fd_sc_hd__inv_4 in cell senseedge_top
Note:  Implicit pin Y in instance clkload204 of sky130_fd_sc_hd__inv_8 in cell senseedge_top
Note:  Implicit pin Y in instance clkload205 of sky130_fd_sc_hd__inv_8 in cell senseedge_top
Note:  Implicit pin Y in instance clkload206 of sky130_fd_sc_hd__inv_6 in cell senseedge_top
Note:  Implicit pin Y in instance clkload207 of sky130_fd_sc_hd__inv_8 in cell senseedge_top
Note:  Implicit pin Y in instance clkload208 of sky130_fd_sc_hd__clkinv_4 in cell senseedge_top
Note:  Implicit pin Y in instance clkload209 of sky130_fd_sc_hd__inv_6 in cell senseedge_top
Note:  Implicit pin Y in instance clkload210 of sky130_fd_sc_hd__bufinv_16 in cell senseedge_top
Note:  Implicit pin Y in instance clkload211 of sky130_fd_sc_hd__inv_8 in cell senseedge_top
Note:  Implicit pin Y in instance clkload212 of sky130_fd_sc_hd__inv_6 in cell senseedge_top
Note:  Implicit pin Y in instance clkload213 of sky130_fd_sc_hd__inv_6 in cell senseedge_top
Note:  Implicit pin Y in instance clkload214 of sky130_fd_sc_hd__inv_8 in cell senseedge_top
Note:  Implicit pin X in instance clkload215 of sky130_fd_sc_hd__clkbuf_4 in cell senseedge_top
Note:  Implicit pin Y in instance clkload216 of sky130_fd_sc_hd__bufinv_16 in cell senseedge_top
Note:  Implicit pin Y in instance clkload217 of sky130_fd_sc_hd__clkinv_4 in cell senseedge_top
Note:  Implicit pin Y in instance clkload218 of sky130_fd_sc_hd__inv_6 in cell senseedge_top
Note:  Implicit pin X in instance clkload219 of sky130_fd_sc_hd__clkbuf_8 in cell senseedge_top
Note:  Implicit pin Y in instance clkload220 of sky130_fd_sc_hd__bufinv_16 in cell senseedge_top
Note:  Implicit pin Y in instance clkload221 of sky130_fd_sc_hd__inv_6 in cell senseedge_top
Note:  Implicit pin Y in instance clkload222 of sky130_fd_sc_hd__inv_8 in cell senseedge_top
Note:  Implicit pin Y in instance clkload223 of sky130_fd_sc_hd__clkinvlp_4 in cell senseedge_top
Note:  Implicit pin Y in instance clkload224 of sky130_fd_sc_hd__clkinv_4 in cell senseedge_top
Note:  Implicit pin Y in instance clkload225 of sky130_fd_sc_hd__clkinvlp_4 in cell senseedge_top
Note:  Implicit pin Y in instance clkload226 of sky130_fd_sc_hd__bufinv_16 in cell senseedge_top
Note:  Implicit pin Y in instance clkload227 of sky130_fd_sc_hd__inv_6 in cell senseedge_top
Note:  Implicit pin Y in instance clkload228 of sky130_fd_sc_hd__bufinv_16 in cell senseedge_top
Note:  Implicit pin Y in instance clkload229 of sky130_fd_sc_hd__clkinv_2 in cell senseedge_top
Note:  Implicit pin X in instance clkload230 of sky130_fd_sc_hd__clkbuf_8 in cell senseedge_top
Note:  Implicit pin Y in instance clkload231 of sky130_fd_sc_hd__clkinv_4 in cell senseedge_top
Note:  Implicit pin Y in instance clkload232 of sky130_fd_sc_hd__clkinv_4 in cell senseedge_top
Note:  Implicit pin Y in instance clkload233 of sky130_fd_sc_hd__inv_6 in cell senseedge_top
Note:  Implicit pin Y in instance clkload234 of sky130_fd_sc_hd__clkinv_2 in cell senseedge_top
Note:  Implicit pin Y in instance clkload235 of sky130_fd_sc_hd__clkinvlp_4 in cell senseedge_top
Note:  Implicit pin Y in instance clkload236 of sky130_fd_sc_hd__clkinv_4 in cell senseedge_top
Note:  Implicit pin Y in instance clkload237 of sky130_fd_sc_hd__inv_8 in cell senseedge_top
Note:  Implicit pin Y in instance clkload238 of sky130_fd_sc_hd__inv_6 in cell senseedge_top
Note:  Implicit pin Y in instance clkload239 of sky130_fd_sc_hd__clkinv_4 in cell senseedge_top
Note:  Implicit pin Y in instance clkload240 of sky130_fd_sc_hd__inv_8 in cell senseedge_top
Note:  Implicit pin Y in instance clkload241 of sky130_fd_sc_hd__clkinvlp_4 in cell senseedge_top
Note:  Implicit pin Y in instance clkload242 of sky130_fd_sc_hd__clkinvlp_4 in cell senseedge_top
Note:  Implicit pin Y in instance clkload243 of sky130_fd_sc_hd__inv_8 in cell senseedge_top
Note:  Implicit pin Y in instance clkload244 of sky130_fd_sc_hd__inv_6 in cell senseedge_top
Note:  Implicit pin Y in instance clkload245 of sky130_fd_sc_hd__clkinv_8 in cell senseedge_top
Note:  Implicit pin Y in instance clkload246 of sky130_fd_sc_hd__clkinvlp_4 in cell senseedge_top
Note:  Implicit pin Y in instance clkload247 of sky130_fd_sc_hd__inv_6 in cell senseedge_top
Note:  Implicit pin Y in instance clkload248 of sky130_fd_sc_hd__inv_8 in cell senseedge_top
Note:  Implicit pin Y in instance clkload249 of sky130_fd_sc_hd__clkinv_4 in cell senseedge_top
Note:  Implicit pin Y in instance clkload250 of sky130_fd_sc_hd__inv_8 in cell senseedge_top
Note:  Implicit pin Y in instance clkload251 of sky130_fd_sc_hd__inv_6 in cell senseedge_top
Note:  Implicit pin Y in instance clkload252 of sky130_fd_sc_hd__clkinvlp_4 in cell senseedge_top
Note:  Implicit pin Y in instance clkload253 of sky130_fd_sc_hd__inv_6 in cell senseedge_top
Note:  Implicit pin Y in instance clkload254 of sky130_fd_sc_hd__inv_8 in cell senseedge_top
Note:  Implicit pin Y in instance clkload255 of sky130_fd_sc_hd__clkinv_8 in cell senseedge_top
Note:  Implicit pin Y in instance clkload256 of sky130_fd_sc_hd__inv_6 in cell senseedge_top
Note:  Implicit pin Y in instance clkload257 of sky130_fd_sc_hd__inv_6 in cell senseedge_top
Note:  Implicit pin X in instance clkload258 of sky130_fd_sc_hd__clkbuf_4 in cell senseedge_top
Note:  Implicit pin Y in instance clkload259 of sky130_fd_sc_hd__clkinv_2 in cell senseedge_top
Note:  Implicit pin Y in instance clkload260 of sky130_fd_sc_hd__clkinv_8 in cell senseedge_top
Note:  Implicit pin Y in instance clkload261 of sky130_fd_sc_hd__inv_8 in cell senseedge_top
Note:  Implicit pin Y in instance clkload262 of sky130_fd_sc_hd__inv_12 in cell senseedge_top
Note:  Implicit pin Y in instance clkload263 of sky130_fd_sc_hd__inv_6 in cell senseedge_top
Note:  Implicit pin Y in instance clkload264 of sky130_fd_sc_hd__clkinv_4 in cell senseedge_top
Note:  Implicit pin Y in instance clkload265 of sky130_fd_sc_hd__clkinv_8 in cell senseedge_top
Note:  Implicit pin Y in instance clkload266 of sky130_fd_sc_hd__inv_8 in cell senseedge_top
Note:  Implicit pin Y in instance clkload267 of sky130_fd_sc_hd__clkinv_4 in cell senseedge_top
Note:  Implicit pin Y in instance clkload268 of sky130_fd_sc_hd__clkinvlp_4 in cell senseedge_top
Note:  Implicit pin Y in instance clkload269 of sky130_fd_sc_hd__inv_6 in cell senseedge_top
Note:  Implicit pin Y in instance clkload270 of sky130_fd_sc_hd__bufinv_16 in cell senseedge_top
Note:  Implicit pin Y in instance clkload271 of sky130_fd_sc_hd__inv_8 in cell senseedge_top
Note:  Implicit pin Y in instance clkload272 of sky130_fd_sc_hd__inv_8 in cell senseedge_top
Note:  Implicit pin Y in instance clkload273 of sky130_fd_sc_hd__clkinvlp_4 in cell senseedge_top
Note:  Implicit pin Y in instance clkload274 of sky130_fd_sc_hd__clkinv_4 in cell senseedge_top
Note:  Implicit pin Y in instance clkload275 of sky130_fd_sc_hd__inv_6 in cell senseedge_top
Note:  Implicit pin Y in instance clkload276 of sky130_fd_sc_hd__inv_6 in cell senseedge_top
Note:  Implicit pin Y in instance clkload277 of sky130_fd_sc_hd__inv_8 in cell senseedge_top
Note:  Implicit pin Y in instance clkload278 of sky130_fd_sc_hd__bufinv_16 in cell senseedge_top
Note:  Implicit pin Y in instance clkload279 of sky130_fd_sc_hd__inv_6 in cell senseedge_top
Note:  Implicit pin Y in instance clkload280 of sky130_fd_sc_hd__inv_6 in cell senseedge_top
Note:  Implicit pin Y in instance clkload281 of sky130_fd_sc_hd__inv_6 in cell senseedge_top
Note:  Implicit pin Y in instance clkload282 of sky130_fd_sc_hd__inv_6 in cell senseedge_top
Note:  Implicit pin Y in instance clkload283 of sky130_fd_sc_hd__inv_6 in cell senseedge_top
Note:  Implicit pin Y in instance clkload284 of sky130_fd_sc_hd__inv_6 in cell senseedge_top
Note:  Implicit pin Y in instance clkload285 of sky130_fd_sc_hd__clkinv_2 in cell senseedge_top
Note:  Implicit pin Y in instance clkload286 of sky130_fd_sc_hd__inv_6 in cell senseedge_top
Note:  Implicit pin X in instance clkload287 of sky130_fd_sc_hd__clkbuf_8 in cell senseedge_top
Note:  Implicit pin Y in instance clkload288 of sky130_fd_sc_hd__bufinv_16 in cell senseedge_top
Note:  Implicit pin Y in instance clkload289 of sky130_fd_sc_hd__inv_6 in cell senseedge_top
Note:  Implicit pin Y in instance clkload290 of sky130_fd_sc_hd__inv_8 in cell senseedge_top
Note:  Implicit pin Y in instance clkload291 of sky130_fd_sc_hd__inv_6 in cell senseedge_top
Note:  Implicit pin Y in instance clkload292 of sky130_fd_sc_hd__clkinvlp_4 in cell senseedge_top
Note:  Implicit pin Y in instance clkload293 of sky130_fd_sc_hd__inv_6 in cell senseedge_top
Note:  Implicit pin Y in instance clkload294 of sky130_fd_sc_hd__inv_6 in cell senseedge_top
Note:  Implicit pin X in instance clkload295 of sky130_fd_sc_hd__clkbuf_4 in cell senseedge_top
Note:  Implicit pin X in instance clkload296 of sky130_fd_sc_hd__clkbuf_4 in cell senseedge_top
Note:  Implicit pin Y in instance clkload297 of sky130_fd_sc_hd__clkinv_4 in cell senseedge_top
Note:  Implicit pin Y in instance clkload298 of sky130_fd_sc_hd__inv_6 in cell senseedge_top
Note:  Implicit pin Y in instance clkload299 of sky130_fd_sc_hd__clkinv_8 in cell senseedge_top
Note:  Implicit pin Y in instance clkload300 of sky130_fd_sc_hd__inv_6 in cell senseedge_top
Note:  Implicit pin Y in instance clkload301 of sky130_fd_sc_hd__inv_6 in cell senseedge_top
Note:  Implicit pin Y in instance clkload302 of sky130_fd_sc_hd__clkinv_4 in cell senseedge_top
Note:  Implicit pin Y in instance clkload303 of sky130_fd_sc_hd__inv_6 in cell senseedge_top
Note:  Implicit pin Y in instance clkload304 of sky130_fd_sc_hd__clkinvlp_4 in cell senseedge_top
Note:  Implicit pin Y in instance clkload305 of sky130_fd_sc_hd__inv_8 in cell senseedge_top
Note:  Implicit pin Y in instance clkload306 of sky130_fd_sc_hd__clkinv_4 in cell senseedge_top
Note:  Implicit pin Y in instance clkload307 of sky130_fd_sc_hd__inv_8 in cell senseedge_top
Note:  Implicit pin Y in instance clkload308 of sky130_fd_sc_hd__inv_8 in cell senseedge_top
Note:  Implicit pin Y in instance clkload309 of sky130_fd_sc_hd__inv_8 in cell senseedge_top
Note:  Implicit pin Y in instance clkload310 of sky130_fd_sc_hd__bufinv_16 in cell senseedge_top
Note:  Implicit pin Y in instance clkload311 of sky130_fd_sc_hd__inv_8 in cell senseedge_top
Note:  Implicit pin Y in instance clkload312 of sky130_fd_sc_hd__clkinvlp_4 in cell senseedge_top
Note:  Implicit pin Y in instance clkload313 of sky130_fd_sc_hd__bufinv_16 in cell senseedge_top
Note:  Implicit pin Y in instance clkload314 of sky130_fd_sc_hd__bufinv_16 in cell senseedge_top
Note:  Implicit pin X in instance clkload315 of sky130_fd_sc_hd__clkbuf_4 in cell senseedge_top
Note:  Implicit pin Y in instance clkload316 of sky130_fd_sc_hd__clkinv_2 in cell senseedge_top
Note:  Implicit pin Y in instance clkload317 of sky130_fd_sc_hd__clkinvlp_4 in cell senseedge_top
Note:  Implicit pin X in instance clkload318 of sky130_fd_sc_hd__clkbuf_8 in cell senseedge_top
Note:  Implicit pin Y in instance clkload319 of sky130_fd_sc_hd__bufinv_16 in cell senseedge_top
Note:  Implicit pin Y in instance clkload320 of sky130_fd_sc_hd__clkinv_2 in cell senseedge_top
Note:  Implicit pin X in instance clkload321 of sky130_fd_sc_hd__clkbuf_8 in cell senseedge_top
Note:  Implicit pin Y in instance clkload322 of sky130_fd_sc_hd__bufinv_16 in cell senseedge_top
Note:  Implicit pin X in instance clkload323 of sky130_fd_sc_hd__clkbuf_4 in cell senseedge_top
Note:  Implicit pin Y in instance clkload324 of sky130_fd_sc_hd__clkinv_2 in cell senseedge_top
Note:  Implicit pin Y in instance clkload325 of sky130_fd_sc_hd__bufinv_16 in cell senseedge_top
Note:  Implicit pin X in instance clkload326 of sky130_fd_sc_hd__clkbuf_8 in cell senseedge_top
Note:  Implicit pin Y in instance clkload327 of sky130_fd_sc_hd__clkinv_2 in cell senseedge_top
Note:  Implicit pin Y in instance clkload328 of sky130_fd_sc_hd__clkinvlp_4 in cell senseedge_top
Note:  Implicit pin Y in instance clkload329 of sky130_fd_sc_hd__bufinv_16 in cell senseedge_top
Note:  Implicit pin X in instance clkload330 of sky130_fd_sc_hd__clkbuf_8 in cell senseedge_top
Note:  Implicit pin Y in instance clkload331 of sky130_fd_sc_hd__clkinv_2 in cell senseedge_top
Note:  Implicit pin Y in instance clkload332 of sky130_fd_sc_hd__clkinvlp_4 in cell senseedge_top
Note:  Implicit pin Y in instance clkload333 of sky130_fd_sc_hd__clkinvlp_4 in cell senseedge_top
Note:  Implicit pin Y in instance clkload334 of sky130_fd_sc_hd__bufinv_16 in cell senseedge_top
Note:  Implicit pin Y in instance clkload335 of sky130_fd_sc_hd__clkinv_2 in cell senseedge_top
Note:  Implicit pin Y in instance clkload336 of sky130_fd_sc_hd__bufinv_16 in cell senseedge_top
Note:  Implicit pin Y in instance clkload337 of sky130_fd_sc_hd__clkinv_4 in cell senseedge_top
Note:  Implicit pin Y in instance clkload338 of sky130_fd_sc_hd__clkinvlp_4 in cell senseedge_top
Note:  Implicit pin Y in instance clkload339 of sky130_fd_sc_hd__clkinv_2 in cell senseedge_top
Note:  Implicit pin X in instance clkload340 of sky130_fd_sc_hd__clkbuf_8 in cell senseedge_top
Note:  Implicit pin Y in instance clkload341 of sky130_fd_sc_hd__bufinv_16 in cell senseedge_top
Note:  Implicit pin X in instance clkload342 of sky130_fd_sc_hd__clkbuf_4 in cell senseedge_top
Note:  Implicit pin Y in instance clkload343 of sky130_fd_sc_hd__clkinvlp_4 in cell senseedge_top
Note:  Implicit pin Y in instance clkload344 of sky130_fd_sc_hd__clkinv_2 in cell senseedge_top
Note:  Implicit pin Y in instance clkload345 of sky130_fd_sc_hd__clkinv_4 in cell senseedge_top
Note:  Implicit pin Y in instance clkload346 of sky130_fd_sc_hd__clkinvlp_4 in cell senseedge_top
Note:  Implicit pin Y in instance clkload347 of sky130_fd_sc_hd__clkinvlp_4 in cell senseedge_top
Note:  Implicit pin Y in instance clkload348 of sky130_fd_sc_hd__bufinv_16 in cell senseedge_top
Note:  Implicit pin Y in instance clkload349 of sky130_fd_sc_hd__inv_6 in cell senseedge_top
Note:  Implicit pin Y in instance clkload350 of sky130_fd_sc_hd__inv_6 in cell senseedge_top
Note:  Implicit pin Y in instance clkload351 of sky130_fd_sc_hd__inv_6 in cell senseedge_top
Note:  Implicit pin Y in instance clkload352 of sky130_fd_sc_hd__clkinv_4 in cell senseedge_top
Note:  Implicit pin X in instance clkload353 of sky130_fd_sc_hd__clkbuf_4 in cell senseedge_top
Note:  Implicit pin Y in instance clkload354 of sky130_fd_sc_hd__clkinv_2 in cell senseedge_top
Note:  Implicit pin Y in instance clkload355 of sky130_fd_sc_hd__clkinv_2 in cell senseedge_top
Note:  Implicit pin Y in instance clkload356 of sky130_fd_sc_hd__clkinvlp_4 in cell senseedge_top
Note:  Implicit pin Y in instance clkload357 of sky130_fd_sc_hd__clkinv_2 in cell senseedge_top
Note:  Implicit pin Y in instance clkload358 of sky130_fd_sc_hd__inv_8 in cell senseedge_top
Note:  Implicit pin Y in instance clkload359 of sky130_fd_sc_hd__bufinv_16 in cell senseedge_top
Note:  Implicit pin Y in instance clkload360 of sky130_fd_sc_hd__inv_6 in cell senseedge_top
Note:  Implicit pin Y in instance clkload361 of sky130_fd_sc_hd__clkinv_4 in cell senseedge_top
Note:  Implicit pin X in instance clkload362 of sky130_fd_sc_hd__clkbuf_4 in cell senseedge_top
Note:  Implicit pin Y in instance clkload363 of sky130_fd_sc_hd__bufinv_16 in cell senseedge_top
Note:  Implicit pin X in instance clkload364 of sky130_fd_sc_hd__clkbuf_4 in cell senseedge_top
Note:  Implicit pin Y in instance clkload365 of sky130_fd_sc_hd__clkinv_4 in cell senseedge_top
Note:  Implicit pin Y in instance clkload366 of sky130_fd_sc_hd__clkinvlp_4 in cell senseedge_top
Note:  Implicit pin Y in instance clkload367 of sky130_fd_sc_hd__clkinv_4 in cell senseedge_top
Note:  Implicit pin Y in instance clkload368 of sky130_fd_sc_hd__clkinvlp_4 in cell senseedge_top
Note:  Implicit pin Y in instance clkload369 of sky130_fd_sc_hd__clkinv_2 in cell senseedge_top
Note:  Implicit pin Y in instance clkload370 of sky130_fd_sc_hd__clkinv_4 in cell senseedge_top
Note:  Implicit pin Y in instance clkload371 of sky130_fd_sc_hd__inv_6 in cell senseedge_top
Note:  Implicit pin Y in instance clkload372 of sky130_fd_sc_hd__bufinv_16 in cell senseedge_top
Note:  Implicit pin Y in instance clkload373 of sky130_fd_sc_hd__clkinv_4 in cell senseedge_top
Note:  Implicit pin Y in instance clkload374 of sky130_fd_sc_hd__clkinv_4 in cell senseedge_top
Note:  Implicit pin Y in instance clkload375 of sky130_fd_sc_hd__inv_6 in cell senseedge_top
Note:  Implicit pin Y in instance clkload376 of sky130_fd_sc_hd__clkinvlp_4 in cell senseedge_top
Note:  Implicit pin Y in instance clkload377 of sky130_fd_sc_hd__clkinv_2 in cell senseedge_top
Note:  Implicit pin X in instance clkload378 of sky130_fd_sc_hd__clkbuf_4 in cell senseedge_top
Note:  Implicit pin Y in instance clkload379 of sky130_fd_sc_hd__bufinv_16 in cell senseedge_top
Note:  Implicit pin Y in instance clkload380 of sky130_fd_sc_hd__bufinv_16 in cell senseedge_top
Note:  Implicit pin Y in instance clkload381 of sky130_fd_sc_hd__clkinv_2 in cell senseedge_top
Note:  Implicit pin Y in instance clkload382 of sky130_fd_sc_hd__inv_6 in cell senseedge_top
Note:  Implicit pin Y in instance clkload383 of sky130_fd_sc_hd__inv_6 in cell senseedge_top
Note:  Implicit pin X in instance clkload384 of sky130_fd_sc_hd__clkbuf_4 in cell senseedge_top
Note:  Implicit pin Y in instance clkload385 of sky130_fd_sc_hd__inv_8 in cell senseedge_top
Note:  Implicit pin Y in instance clkload386 of sky130_fd_sc_hd__inv_8 in cell senseedge_top
Note:  Implicit pin Y in instance clkload387 of sky130_fd_sc_hd__clkinvlp_4 in cell senseedge_top
Note:  Implicit pin Y in instance clkload388 of sky130_fd_sc_hd__clkinv_4 in cell senseedge_top
Note:  Implicit pin Y in instance clkload389 of sky130_fd_sc_hd__clkinvlp_4 in cell senseedge_top
Note:  Implicit pin Y in instance clkload390 of sky130_fd_sc_hd__bufinv_16 in cell senseedge_top
Note:  Implicit pin Y in instance clkload391 of sky130_fd_sc_hd__clkinvlp_4 in cell senseedge_top
Note:  Implicit pin Y in instance clkload392 of sky130_fd_sc_hd__clkinv_2 in cell senseedge_top
Note:  Implicit pin X in instance clkload393 of sky130_fd_sc_hd__clkbuf_8 in cell senseedge_top
Note:  Implicit pin X in instance clkload394 of sky130_fd_sc_hd__clkbuf_8 in cell senseedge_top
Note:  Implicit pin X in instance clkload395 of sky130_fd_sc_hd__clkbuf_8 in cell senseedge_top
Note:  Implicit pin Y in instance clkload396 of sky130_fd_sc_hd__inv_6 in cell senseedge_top
Note:  Implicit pin Y in instance clkload397 of sky130_fd_sc_hd__clkinvlp_4 in cell senseedge_top
Note:  Implicit pin Y in instance clkload398 of sky130_fd_sc_hd__inv_6 in cell senseedge_top
Note:  Implicit pin X in instance clkload399 of sky130_fd_sc_hd__clkbuf_8 in cell senseedge_top
Note:  Implicit pin Y in instance clkload400 of sky130_fd_sc_hd__clkinv_8 in cell senseedge_top
Note:  Implicit pin Y in instance clkload401 of sky130_fd_sc_hd__inv_6 in cell senseedge_top
Note:  Implicit pin Y in instance clkload402 of sky130_fd_sc_hd__inv_6 in cell senseedge_top
Note:  Implicit pin Y in instance clkload403 of sky130_fd_sc_hd__clkinvlp_4 in cell senseedge_top
Note:  Implicit pin Y in instance clkload404 of sky130_fd_sc_hd__inv_6 in cell senseedge_top
Note:  Implicit pin Y in instance clkload405 of sky130_fd_sc_hd__clkinv_8 in cell senseedge_top
Note:  Implicit pin X in instance clkload406 of sky130_fd_sc_hd__clkbuf_4 in cell senseedge_top
Note:  Implicit pin Y in instance clkload407 of sky130_fd_sc_hd__clkinvlp_4 in cell senseedge_top
Note:  Implicit pin Y in instance clkload408 of sky130_fd_sc_hd__inv_6 in cell senseedge_top
Note:  Implicit pin Y in instance clkload409 of sky130_fd_sc_hd__clkinv_2 in cell senseedge_top
Note:  Implicit pin Y in instance clkload410 of sky130_fd_sc_hd__inv_6 in cell senseedge_top
Note:  Implicit pin Y in instance clkload411 of sky130_fd_sc_hd__bufinv_16 in cell senseedge_top
Note:  Implicit pin Y in instance clkload412 of sky130_fd_sc_hd__clkinv_2 in cell senseedge_top
Note:  Implicit pin X in instance clkload413 of sky130_fd_sc_hd__clkbuf_4 in cell senseedge_top
Note:  Implicit pin Y in instance clkload414 of sky130_fd_sc_hd__clkinvlp_4 in cell senseedge_top
Note:  Implicit pin Y in instance clkload415 of sky130_fd_sc_hd__clkinv_2 in cell senseedge_top
Note:  Implicit pin Y in instance clkload416 of sky130_fd_sc_hd__clkinv_4 in cell senseedge_top
Note:  Implicit pin Y in instance clkload417 of sky130_fd_sc_hd__inv_6 in cell senseedge_top
Note:  Implicit pin Y in instance clkload418 of sky130_fd_sc_hd__clkinv_4 in cell senseedge_top
Note:  Implicit pin Y in instance clkload419 of sky130_fd_sc_hd__clkinvlp_4 in cell senseedge_top
Note:  Implicit pin Y in instance clkload420 of sky130_fd_sc_hd__clkinv_2 in cell senseedge_top
Note:  Implicit pin Y in instance clkload421 of sky130_fd_sc_hd__bufinv_16 in cell senseedge_top
Note:  Implicit pin Y in instance clkload422 of sky130_fd_sc_hd__bufinv_16 in cell senseedge_top
Note:  Implicit pin Y in instance clkload423 of sky130_fd_sc_hd__clkinv_2 in cell senseedge_top
Note:  Implicit pin Y in instance clkload424 of sky130_fd_sc_hd__clkinv_2 in cell senseedge_top
Note:  Implicit pin X in instance clkload425 of sky130_fd_sc_hd__clkbuf_8 in cell senseedge_top
Note:  Implicit pin Y in instance clkload426 of sky130_fd_sc_hd__clkinv_2 in cell senseedge_top
Note:  Implicit pin Y in instance clkload427 of sky130_fd_sc_hd__clkinvlp_4 in cell senseedge_top
Note:  Implicit pin Y in instance clkload428 of sky130_fd_sc_hd__bufinv_16 in cell senseedge_top
Note:  Implicit pin Y in instance clkload429 of sky130_fd_sc_hd__bufinv_16 in cell senseedge_top
Note:  Implicit pin Y in instance clkload430 of sky130_fd_sc_hd__clkinv_2 in cell senseedge_top
Note:  Implicit pin Y in instance clkload431 of sky130_fd_sc_hd__clkinv_4 in cell senseedge_top
Note:  Implicit pin Y in instance clkload432 of sky130_fd_sc_hd__inv_8 in cell senseedge_top
Note:  Implicit pin Y in instance clkload433 of sky130_fd_sc_hd__inv_4 in cell senseedge_top
Note:  Implicit pin Y in instance clkload434 of sky130_fd_sc_hd__inv_6 in cell senseedge_top
Note:  Implicit pin Y in instance clkload435 of sky130_fd_sc_hd__inv_6 in cell senseedge_top
Note:  Implicit pin Y in instance clkload436 of sky130_fd_sc_hd__inv_4 in cell senseedge_top
Note:  Implicit pin Y in instance clkload437 of sky130_fd_sc_hd__inv_8 in cell senseedge_top
Note:  Implicit pin Y in instance clkload438 of sky130_fd_sc_hd__inv_6 in cell senseedge_top
Note:  Implicit pin Y in instance clkload439 of sky130_fd_sc_hd__clkinv_2 in cell senseedge_top
Note:  Implicit pin Y in instance clkload440 of sky130_fd_sc_hd__bufinv_16 in cell senseedge_top
Note:  Implicit pin Y in instance clkload441 of sky130_fd_sc_hd__clkinv_2 in cell senseedge_top
Note:  Implicit pin Y in instance clkload442 of sky130_fd_sc_hd__clkinv_2 in cell senseedge_top
Note:  Implicit pin X in instance clkload443 of sky130_fd_sc_hd__clkbuf_4 in cell senseedge_top
Note:  Implicit pin Y in instance clkload444 of sky130_fd_sc_hd__bufinv_16 in cell senseedge_top
Note:  Implicit pin Y in instance clkload445 of sky130_fd_sc_hd__clkinv_4 in cell senseedge_top
Note:  Implicit pin Y in instance clkload446 of sky130_fd_sc_hd__inv_6 in cell senseedge_top
Note:  Implicit pin Y in instance clkload447 of sky130_fd_sc_hd__inv_4 in cell senseedge_top
Note:  Implicit pin Y in instance clkload448 of sky130_fd_sc_hd__inv_4 in cell senseedge_top
Note:  Implicit pin Y in instance clkload449 of sky130_fd_sc_hd__inv_4 in cell senseedge_top
Note:  Implicit pin Y in instance clkload450 of sky130_fd_sc_hd__inv_6 in cell senseedge_top
Note:  Implicit pin Y in instance clkload451 of sky130_fd_sc_hd__clkinv_2 in cell senseedge_top
Note:  Implicit pin Y in instance clkload452 of sky130_fd_sc_hd__inv_8 in cell senseedge_top
Note:  Implicit pin Y in instance clkload453 of sky130_fd_sc_hd__inv_6 in cell senseedge_top
Note:  Implicit pin Y in instance clkload454 of sky130_fd_sc_hd__clkinv_4 in cell senseedge_top
Note:  Implicit pin X in instance clkload455 of sky130_fd_sc_hd__clkbuf_4 in cell senseedge_top
Note:  Implicit pin X in instance clkload456 of sky130_fd_sc_hd__clkbuf_4 in cell senseedge_top
Note:  Implicit pin Y in instance clkload457 of sky130_fd_sc_hd__clkinv_4 in cell senseedge_top
Note:  Implicit pin Y in instance clkload458 of sky130_fd_sc_hd__clkinvlp_4 in cell senseedge_top
Note:  Implicit pin Y in instance clkload459 of sky130_fd_sc_hd__clkinv_4 in cell senseedge_top
Note:  Implicit pin X in instance clkload460 of sky130_fd_sc_hd__clkbuf_4 in cell senseedge_top
Note:  Implicit pin Y in instance clkload461 of sky130_fd_sc_hd__clkinvlp_4 in cell senseedge_top
Note:  Implicit pin Y in instance clkload462 of sky130_fd_sc_hd__inv_6 in cell senseedge_top
Note:  Implicit pin Y in instance clkload463 of sky130_fd_sc_hd__clkinvlp_4 in cell senseedge_top
Note:  Implicit pin Y in instance clkload464 of sky130_fd_sc_hd__inv_6 in cell senseedge_top
Note:  Implicit pin Y in instance clkload465 of sky130_fd_sc_hd__clkinv_4 in cell senseedge_top
Note:  Implicit pin Y in instance clkload466 of sky130_fd_sc_hd__clkinvlp_4 in cell senseedge_top
Note:  Implicit pin X in instance clkload467 of sky130_fd_sc_hd__clkbuf_8 in cell senseedge_top
Note:  Implicit pin Y in instance clkload468 of sky130_fd_sc_hd__bufinv_16 in cell senseedge_top
Note:  Implicit pin Y in instance clkload469 of sky130_fd_sc_hd__inv_6 in cell senseedge_top
Note:  Implicit pin Y in instance clkload470 of sky130_fd_sc_hd__inv_6 in cell senseedge_top
Note:  Implicit pin Y in instance clkload471 of sky130_fd_sc_hd__clkinv_4 in cell senseedge_top
Note:  Implicit pin Y in instance clkload472 of sky130_fd_sc_hd__clkinv_2 in cell senseedge_top
Note:  Implicit pin X in instance clkload473 of sky130_fd_sc_hd__clkbuf_8 in cell senseedge_top
Note:  Implicit pin Y in instance clkload474 of sky130_fd_sc_hd__clkinv_2 in cell senseedge_top
Note:  Implicit pin Y in instance clkload475 of sky130_fd_sc_hd__clkinv_4 in cell senseedge_top
Note:  Implicit pin X in instance clkload476 of sky130_fd_sc_hd__clkbuf_8 in cell senseedge_top
Note:  Implicit pin Y in instance clkload477 of sky130_fd_sc_hd__clkinv_2 in cell senseedge_top
Note:  Implicit pin Y in instance clkload478 of sky130_fd_sc_hd__clkinv_2 in cell senseedge_top
Note:  Implicit pin Y in instance clkload479 of sky130_fd_sc_hd__bufinv_16 in cell senseedge_top
Note:  Implicit pin Y in instance clkload480 of sky130_fd_sc_hd__inv_6 in cell senseedge_top
Note:  Implicit pin Y in instance clkload481 of sky130_fd_sc_hd__clkinv_4 in cell senseedge_top
Note:  Implicit pin Y in instance clkload482 of sky130_fd_sc_hd__clkinvlp_4 in cell senseedge_top
Note:  Implicit pin Y in instance clkload483 of sky130_fd_sc_hd__clkinvlp_4 in cell senseedge_top
Note:  Implicit pin Y in instance clkload484 of sky130_fd_sc_hd__clkinv_2 in cell senseedge_top
Note:  Implicit pin Y in instance clkload485 of sky130_fd_sc_hd__inv_6 in cell senseedge_top
Note:  Implicit pin Y in instance clkload486 of sky130_fd_sc_hd__clkinv_4 in cell senseedge_top
Note:  Implicit pin Y in instance clkload487 of sky130_fd_sc_hd__clkinv_4 in cell senseedge_top
Note:  Implicit pin Y in instance clkload488 of sky130_fd_sc_hd__clkinvlp_4 in cell senseedge_top
Note:  Implicit pin Y in instance clkload489 of sky130_fd_sc_hd__clkinv_4 in cell senseedge_top
Note:  Implicit pin Y in instance clkload490 of sky130_fd_sc_hd__clkinv_4 in cell senseedge_top
Note:  Implicit pin Y in instance clkload491 of sky130_fd_sc_hd__inv_6 in cell senseedge_top
Note:  Implicit pin Y in instance clkload492 of sky130_fd_sc_hd__bufinv_16 in cell senseedge_top
Note:  Implicit pin Y in instance clkload493 of sky130_fd_sc_hd__clkinvlp_4 in cell senseedge_top
Note:  Implicit pin Y in instance clkload494 of sky130_fd_sc_hd__inv_6 in cell senseedge_top
Note:  Implicit pin Y in instance clkload495 of sky130_fd_sc_hd__clkinv_4 in cell senseedge_top
Note:  Implicit pin Y in instance clkload496 of sky130_fd_sc_hd__inv_6 in cell senseedge_top
Note:  Implicit pin Y in instance clkload497 of sky130_fd_sc_hd__clkinv_4 in cell senseedge_top
Note:  Implicit pin Y in instance clkload498 of sky130_fd_sc_hd__bufinv_16 in cell senseedge_top
Note:  Implicit pin Y in instance clkload499 of sky130_fd_sc_hd__inv_8 in cell senseedge_top
Note:  Implicit pin Y in instance clkload500 of sky130_fd_sc_hd__clkinv_4 in cell senseedge_top
Note:  Implicit pin Y in instance clkload501 of sky130_fd_sc_hd__clkinv_4 in cell senseedge_top
Note:  Implicit pin X in instance clkload502 of sky130_fd_sc_hd__clkbuf_8 in cell senseedge_top
Note:  Implicit pin X in instance clkload503 of sky130_fd_sc_hd__clkbuf_4 in cell senseedge_top
Note:  Implicit pin Y in instance clkload504 of sky130_fd_sc_hd__inv_6 in cell senseedge_top
Note:  Implicit pin Y in instance clkload505 of sky130_fd_sc_hd__clkinvlp_4 in cell senseedge_top
Note:  Implicit pin Y in instance clkload506 of sky130_fd_sc_hd__clkinv_4 in cell senseedge_top
Note:  Implicit pin Y in instance clkload507 of sky130_fd_sc_hd__inv_6 in cell senseedge_top
Note:  Implicit pin Y in instance clkload508 of sky130_fd_sc_hd__inv_8 in cell senseedge_top
Note:  Implicit pin Y in instance clkload509 of sky130_fd_sc_hd__inv_6 in cell senseedge_top
Note:  Implicit pin Y in instance clkload510 of sky130_fd_sc_hd__clkinv_4 in cell senseedge_top
Note:  Implicit pin Y in instance clkload511 of sky130_fd_sc_hd__bufinv_16 in cell senseedge_top
Note:  Implicit pin Y in instance clkload512 of sky130_fd_sc_hd__inv_6 in cell senseedge_top
Note:  Implicit pin Y in instance clkload513 of sky130_fd_sc_hd__bufinv_16 in cell senseedge_top
Note:  Implicit pin Y in instance clkload514 of sky130_fd_sc_hd__clkinv_4 in cell senseedge_top
Note:  Implicit pin Y in instance clkload515 of sky130_fd_sc_hd__inv_6 in cell senseedge_top
Note:  Implicit pin Y in instance clkload516 of sky130_fd_sc_hd__inv_6 in cell senseedge_top
Note:  Implicit pin Y in instance clkload517 of sky130_fd_sc_hd__inv_6 in cell senseedge_top
Note:  Implicit pin Y in instance clkload518 of sky130_fd_sc_hd__inv_6 in cell senseedge_top
Note:  Implicit pin Y in instance clkload519 of sky130_fd_sc_hd__clkinv_2 in cell senseedge_top
Note:  Implicit pin X in instance clkload520 of sky130_fd_sc_hd__clkbuf_4 in cell senseedge_top
Note:  Implicit pin Y in instance clkload521 of sky130_fd_sc_hd__clkinv_2 in cell senseedge_top
Note:  Implicit pin Y in instance clkload522 of sky130_fd_sc_hd__inv_6 in cell senseedge_top
Note:  Implicit pin Y in instance clkload523 of sky130_fd_sc_hd__inv_6 in cell senseedge_top
Note:  Implicit pin Y in instance clkload524 of sky130_fd_sc_hd__inv_8 in cell senseedge_top
Note:  Implicit pin Y in instance clkload525 of sky130_fd_sc_hd__clkinvlp_4 in cell senseedge_top
Note:  Implicit pin Y in instance clkload526 of sky130_fd_sc_hd__clkinvlp_4 in cell senseedge_top
Note:  Implicit pin Y in instance clkload527 of sky130_fd_sc_hd__inv_6 in cell senseedge_top
Note:  Implicit pin Y in instance clkload528 of sky130_fd_sc_hd__bufinv_16 in cell senseedge_top
Note:  Implicit pin Y in instance clkload529 of sky130_fd_sc_hd__clkinv_4 in cell senseedge_top
Note:  Implicit pin X in instance clkload530 of sky130_fd_sc_hd__clkbuf_4 in cell senseedge_top
Note:  Implicit pin Y in instance clkload531 of sky130_fd_sc_hd__clkinv_2 in cell senseedge_top
Note:  Implicit pin Y in instance clkload532 of sky130_fd_sc_hd__clkinvlp_4 in cell senseedge_top
Note:  Implicit pin X in instance clkload533 of sky130_fd_sc_hd__clkbuf_8 in cell senseedge_top
Note:  Implicit pin Y in instance clkload534 of sky130_fd_sc_hd__bufinv_16 in cell senseedge_top
Note:  Implicit pin Y in instance clkload535 of sky130_fd_sc_hd__clkinv_2 in cell senseedge_top
Note:  Implicit pin Y in instance clkload536 of sky130_fd_sc_hd__bufinv_16 in cell senseedge_top
Note:  Implicit pin X in instance clkload537 of sky130_fd_sc_hd__clkbuf_8 in cell senseedge_top
Note:  Implicit pin Y in instance clkload538 of sky130_fd_sc_hd__inv_6 in cell senseedge_top
Note:  Implicit pin Y in instance clkload539 of sky130_fd_sc_hd__bufinv_16 in cell senseedge_top
Note:  Implicit pin Y in instance clkload540 of sky130_fd_sc_hd__clkinvlp_4 in cell senseedge_top
Note:  Implicit pin Y in instance clkload541 of sky130_fd_sc_hd__inv_6 in cell senseedge_top
Note:  Implicit pin X in instance clkload542 of sky130_fd_sc_hd__clkbuf_8 in cell senseedge_top
Note:  Implicit pin Y in instance clkload543 of sky130_fd_sc_hd__clkinvlp_4 in cell senseedge_top
Note:  Implicit pin Y in instance clkload544 of sky130_fd_sc_hd__clkinvlp_4 in cell senseedge_top
Note:  Implicit pin X in instance clkload545 of sky130_fd_sc_hd__clkbuf_4 in cell senseedge_top
Note:  Implicit pin X in instance clkload546 of sky130_fd_sc_hd__clkbuf_8 in cell senseedge_top
Note:  Implicit pin Y in instance clkload547 of sky130_fd_sc_hd__clkinv_4 in cell senseedge_top
Note:  Implicit pin Y in instance clkload548 of sky130_fd_sc_hd__clkinv_2 in cell senseedge_top
Note:  Implicit pin Y in instance clkload549 of sky130_fd_sc_hd__clkinv_4 in cell senseedge_top
Note:  Implicit pin Y in instance clkload550 of sky130_fd_sc_hd__clkinvlp_4 in cell senseedge_top
Note:  Implicit pin Y in instance clkload551 of sky130_fd_sc_hd__clkinv_2 in cell senseedge_top
Note:  Implicit pin Y in instance clkload552 of sky130_fd_sc_hd__clkinvlp_4 in cell senseedge_top
Note:  Implicit pin Y in instance clkload553 of sky130_fd_sc_hd__bufinv_16 in cell senseedge_top
Note:  Implicit pin Y in instance clkload554 of sky130_fd_sc_hd__inv_6 in cell senseedge_top
Note:  Implicit pin X in instance clkload555 of sky130_fd_sc_hd__clkbuf_8 in cell senseedge_top
Note:  Implicit pin Y in instance clkload556 of sky130_fd_sc_hd__bufinv_16 in cell senseedge_top
Note:  Implicit pin Y in instance clkload557 of sky130_fd_sc_hd__inv_8 in cell senseedge_top
Note:  Implicit pin Y in instance clkload558 of sky130_fd_sc_hd__inv_6 in cell senseedge_top
Note:  Implicit pin Y in instance clkload559 of sky130_fd_sc_hd__clkinv_2 in cell senseedge_top
Note:  Implicit pin Y in instance clkload560 of sky130_fd_sc_hd__inv_6 in cell senseedge_top
Note:  Implicit pin Y in instance clkload561 of sky130_fd_sc_hd__inv_6 in cell senseedge_top
Note:  Implicit pin Y in instance clkload562 of sky130_fd_sc_hd__inv_8 in cell senseedge_top
Note:  Implicit pin Y in instance clkload563 of sky130_fd_sc_hd__inv_6 in cell senseedge_top
Note:  Implicit pin Y in instance clkload564 of sky130_fd_sc_hd__inv_6 in cell senseedge_top
Note:  Implicit pin Y in instance clkload565 of sky130_fd_sc_hd__inv_12 in cell senseedge_top
Note:  Implicit pin Y in instance clkload566 of sky130_fd_sc_hd__inv_6 in cell senseedge_top
Note:  Implicit pin X in instance clkload567 of sky130_fd_sc_hd__clkbuf_4 in cell senseedge_top
Note:  Implicit pin Y in instance clkload568 of sky130_fd_sc_hd__bufinv_16 in cell senseedge_top
Note:  Implicit pin Y in instance clkload569 of sky130_fd_sc_hd__inv_6 in cell senseedge_top
Note:  Implicit pin Y in instance clkload570 of sky130_fd_sc_hd__inv_6 in cell senseedge_top
Note:  Implicit pin Y in instance clkload571 of sky130_fd_sc_hd__inv_8 in cell senseedge_top
Note:  Implicit pin Y in instance clkload572 of sky130_fd_sc_hd__inv_6 in cell senseedge_top
Note:  Implicit pin Y in instance clkload573 of sky130_fd_sc_hd__inv_6 in cell senseedge_top
Note:  Implicit pin X in instance clkload574 of sky130_fd_sc_hd__clkbuf_8 in cell senseedge_top
Note:  Implicit pin Y in instance clkload575 of sky130_fd_sc_hd__clkinv_2 in cell senseedge_top
Note:  Implicit pin Y in instance clkload576 of sky130_fd_sc_hd__clkinv_2 in cell senseedge_top
Note:  Implicit pin Y in instance clkload577 of sky130_fd_sc_hd__bufinv_16 in cell senseedge_top
Note:  Implicit pin X in instance clkload578 of sky130_fd_sc_hd__clkbuf_8 in cell senseedge_top
Note:  Implicit pin Y in instance clkload579 of sky130_fd_sc_hd__clkinv_2 in cell senseedge_top
Note:  Implicit pin Y in instance clkload580 of sky130_fd_sc_hd__clkinv_2 in cell senseedge_top
Note:  Implicit pin Y in instance clkload581 of sky130_fd_sc_hd__clkinvlp_4 in cell senseedge_top
Note:  Implicit pin Y in instance clkload582 of sky130_fd_sc_hd__bufinv_16 in cell senseedge_top
Note:  Implicit pin X in instance clkload583 of sky130_fd_sc_hd__clkbuf_8 in cell senseedge_top
Note:  Implicit pin Y in instance clkload584 of sky130_fd_sc_hd__inv_6 in cell senseedge_top
Note:  Implicit pin Y in instance clkload585 of sky130_fd_sc_hd__inv_6 in cell senseedge_top
Note:  Implicit pin Y in instance clkload586 of sky130_fd_sc_hd__inv_6 in cell senseedge_top
Note:  Implicit pin Y in instance clkload587 of sky130_fd_sc_hd__inv_8 in cell senseedge_top
Note:  Implicit pin Y in instance clkload588 of sky130_fd_sc_hd__clkinv_8 in cell senseedge_top
Note:  Implicit pin Y in instance clkload589 of sky130_fd_sc_hd__inv_6 in cell senseedge_top
Note:  Implicit pin Y in instance clkload590 of sky130_fd_sc_hd__inv_6 in cell senseedge_top
Note:  Implicit pin Y in instance clkload591 of sky130_fd_sc_hd__clkinv_2 in cell senseedge_top
Note:  Implicit pin Y in instance clkload592 of sky130_fd_sc_hd__bufinv_16 in cell senseedge_top
Note:  Implicit pin Y in instance clkload593 of sky130_fd_sc_hd__inv_8 in cell senseedge_top
Note:  Implicit pin Y in instance clkload594 of sky130_fd_sc_hd__inv_8 in cell senseedge_top
Note:  Implicit pin Y in instance clkload595 of sky130_fd_sc_hd__bufinv_16 in cell senseedge_top
Note:  Implicit pin Y in instance clkload596 of sky130_fd_sc_hd__clkinv_4 in cell senseedge_top
Note:  Implicit pin Y in instance clkload597 of sky130_fd_sc_hd__inv_6 in cell senseedge_top
Note:  Implicit pin X in instance clkload598 of sky130_fd_sc_hd__clkbuf_8 in cell senseedge_top
Note:  Implicit pin Y in instance clkload599 of sky130_fd_sc_hd__clkinv_2 in cell senseedge_top
Note:  Implicit pin X in instance clkload600 of sky130_fd_sc_hd__clkbuf_8 in cell senseedge_top
Note:  Implicit pin Y in instance clkload601 of sky130_fd_sc_hd__clkinvlp_4 in cell senseedge_top
Note:  Implicit pin Y in instance clkload602 of sky130_fd_sc_hd__bufinv_16 in cell senseedge_top
Note:  Implicit pin Y in instance clkload603 of sky130_fd_sc_hd__inv_6 in cell senseedge_top
Note:  Implicit pin Y in instance clkload604 of sky130_fd_sc_hd__inv_6 in cell senseedge_top
Note:  Implicit pin Y in instance clkload605 of sky130_fd_sc_hd__inv_8 in cell senseedge_top
Note:  Implicit pin Y in instance clkload606 of sky130_fd_sc_hd__inv_6 in cell senseedge_top
Note:  Implicit pin X in instance clkload607 of sky130_fd_sc_hd__clkbuf_4 in cell senseedge_top
Note:  Implicit pin X in instance clkload608 of sky130_fd_sc_hd__clkbuf_4 in cell senseedge_top
Note:  Implicit pin Y in instance clkload609 of sky130_fd_sc_hd__clkinvlp_4 in cell senseedge_top
Note:  Implicit pin Y in instance clkload610 of sky130_fd_sc_hd__clkinv_2 in cell senseedge_top
Note:  Implicit pin Y in instance clkload611 of sky130_fd_sc_hd__clkinv_4 in cell senseedge_top
Note:  Implicit pin Y in instance clkload612 of sky130_fd_sc_hd__bufinv_16 in cell senseedge_top
Note:  Implicit pin X in instance clkload613 of sky130_fd_sc_hd__clkbuf_8 in cell senseedge_top
Note:  Implicit pin X in instance clkload614 of sky130_fd_sc_hd__clkbuf_8 in cell senseedge_top
Note:  Implicit pin Y in instance clkload615 of sky130_fd_sc_hd__bufinv_16 in cell senseedge_top
Note:  Implicit pin X in instance clkload616 of sky130_fd_sc_hd__clkbuf_8 in cell senseedge_top
Note:  Implicit pin X in instance clkload617 of sky130_fd_sc_hd__clkbuf_8 in cell senseedge_top
Note:  Implicit pin Y in instance clkload618 of sky130_fd_sc_hd__inv_6 in cell senseedge_top
Note:  Implicit pin Y in instance clkload619 of sky130_fd_sc_hd__clkinv_4 in cell senseedge_top
Note:  Implicit pin Y in instance clkload620 of sky130_fd_sc_hd__inv_6 in cell senseedge_top
Note:  Implicit pin X in instance clkload621 of sky130_fd_sc_hd__clkbuf_4 in cell senseedge_top
Note:  Implicit pin Y in instance clkload622 of sky130_fd_sc_hd__clkinvlp_4 in cell senseedge_top
Note:  Implicit pin Y in instance clkload623 of sky130_fd_sc_hd__inv_6 in cell senseedge_top
Note:  Implicit pin Y in instance clkload624 of sky130_fd_sc_hd__bufinv_16 in cell senseedge_top
Note:  Implicit pin Y in instance clkload625 of sky130_fd_sc_hd__clkinvlp_4 in cell senseedge_top
Note:  Implicit pin Y in instance clkload626 of sky130_fd_sc_hd__clkinv_4 in cell senseedge_top
Note:  Implicit pin Y in instance clkload627 of sky130_fd_sc_hd__clkinvlp_4 in cell senseedge_top
Note:  Implicit pin Y in instance clkload628 of sky130_fd_sc_hd__clkinvlp_4 in cell senseedge_top
Note:  Implicit pin X in instance clkload629 of sky130_fd_sc_hd__clkbuf_8 in cell senseedge_top
Note:  Implicit pin Y in instance clkload630 of sky130_fd_sc_hd__bufinv_16 in cell senseedge_top
Note:  Implicit pin Y in instance clkload631 of sky130_fd_sc_hd__inv_6 in cell senseedge_top
Note:  Implicit pin X in instance clkload632 of sky130_fd_sc_hd__clkbuf_8 in cell senseedge_top
Note:  Implicit pin Y in instance clkload633 of sky130_fd_sc_hd__inv_6 in cell senseedge_top
Note:  Implicit pin Y in instance clkload634 of sky130_fd_sc_hd__clkinv_4 in cell senseedge_top
Note:  Implicit pin Y in instance clkload635 of sky130_fd_sc_hd__clkinv_4 in cell senseedge_top
Note:  Implicit pin Y in instance clkload636 of sky130_fd_sc_hd__bufinv_16 in cell senseedge_top
Note:  Implicit pin Y in instance clkload637 of sky130_fd_sc_hd__bufinv_16 in cell senseedge_top
Note:  Implicit pin X in instance clkload638 of sky130_fd_sc_hd__clkbuf_8 in cell senseedge_top
Note:  Implicit pin Y in instance clkload639 of sky130_fd_sc_hd__clkinv_4 in cell senseedge_top
Note:  Implicit pin Y in instance clkload640 of sky130_fd_sc_hd__clkinv_4 in cell senseedge_top
Note:  Implicit pin Y in instance clkload641 of sky130_fd_sc_hd__bufinv_16 in cell senseedge_top
Note:  Implicit pin Y in instance clkload642 of sky130_fd_sc_hd__inv_6 in cell senseedge_top
Note:  Implicit pin Y in instance clkload643 of sky130_fd_sc_hd__inv_6 in cell senseedge_top
Note:  Implicit pin Y in instance clkload644 of sky130_fd_sc_hd__clkinvlp_4 in cell senseedge_top
Note:  Implicit pin Y in instance clkload645 of sky130_fd_sc_hd__clkinvlp_4 in cell senseedge_top
Note:  Implicit pin X in instance clkload646 of sky130_fd_sc_hd__clkbuf_8 in cell senseedge_top
Note:  Implicit pin Y in instance clkload647 of sky130_fd_sc_hd__clkinv_2 in cell senseedge_top
Note:  Implicit pin X in instance clkload648 of sky130_fd_sc_hd__clkbuf_8 in cell senseedge_top
Note:  Implicit pin X in instance clkload649 of sky130_fd_sc_hd__clkbuf_4 in cell senseedge_top
Note:  Implicit pin X in instance clkload650 of sky130_fd_sc_hd__clkbuf_8 in cell senseedge_top
Note:  Implicit pin X in instance clkload651 of sky130_fd_sc_hd__clkbuf_4 in cell senseedge_top
Note:  Implicit pin X in instance clkload652 of sky130_fd_sc_hd__clkbuf_8 in cell senseedge_top
Note:  Implicit pin Y in instance clkload653 of sky130_fd_sc_hd__clkinvlp_4 in cell senseedge_top
Note:  Implicit pin Y in instance clkload654 of sky130_fd_sc_hd__clkinv_4 in cell senseedge_top
Note:  Implicit pin Y in instance clkload655 of sky130_fd_sc_hd__inv_8 in cell senseedge_top
Note:  Implicit pin Y in instance clkload656 of sky130_fd_sc_hd__clkinv_2 in cell senseedge_top
Note:  Implicit pin Y in instance clkload657 of sky130_fd_sc_hd__bufinv_16 in cell senseedge_top
Note:  Implicit pin Y in instance clkload658 of sky130_fd_sc_hd__clkinvlp_4 in cell senseedge_top
Note:  Implicit pin Y in instance clkload659 of sky130_fd_sc_hd__bufinv_16 in cell senseedge_top
Note:  Implicit pin Y in instance clkload660 of sky130_fd_sc_hd__clkinv_2 in cell senseedge_top
Note:  Implicit pin Y in instance clkload661 of sky130_fd_sc_hd__clkinv_4 in cell senseedge_top
Note:  Implicit pin X in instance clkload662 of sky130_fd_sc_hd__clkbuf_8 in cell senseedge_top
Note:  Implicit pin Y in instance clkload663 of sky130_fd_sc_hd__clkinv_4 in cell senseedge_top
Note:  Implicit pin X in instance clkload664 of sky130_fd_sc_hd__clkbuf_4 in cell senseedge_top
Note:  Implicit pin X in instance clkload665 of sky130_fd_sc_hd__clkbuf_8 in cell senseedge_top
Note:  Implicit pin Y in instance clkload666 of sky130_fd_sc_hd__clkinv_4 in cell senseedge_top
Note:  Implicit pin Y in instance clkload667 of sky130_fd_sc_hd__bufinv_16 in cell senseedge_top
Note:  Implicit pin Y in instance clkload668 of sky130_fd_sc_hd__clkinv_4 in cell senseedge_top
Note:  Implicit pin Y in instance clkload669 of sky130_fd_sc_hd__inv_6 in cell senseedge_top
Note:  Implicit pin Y in instance clkload670 of sky130_fd_sc_hd__bufinv_16 in cell senseedge_top
Note:  Implicit pin Y in instance clkload671 of sky130_fd_sc_hd__clkinv_4 in cell senseedge_top
Note:  Implicit pin X in instance clkload672 of sky130_fd_sc_hd__clkbuf_8 in cell senseedge_top
Note:  Implicit pin Y in instance clkload673 of sky130_fd_sc_hd__inv_6 in cell senseedge_top
Note:  Implicit pin Y in instance clkload674 of sky130_fd_sc_hd__clkinvlp_4 in cell senseedge_top
Note:  Implicit pin Y in instance clkload675 of sky130_fd_sc_hd__clkinv_4 in cell senseedge_top
Note:  Implicit pin Y in instance clkload676 of sky130_fd_sc_hd__inv_6 in cell senseedge_top
Note:  Implicit pin X in instance clkload677 of sky130_fd_sc_hd__clkbuf_8 in cell senseedge_top
Note:  Implicit pin Y in instance clkload678 of sky130_fd_sc_hd__clkinv_2 in cell senseedge_top
Note:  Implicit pin Y in instance clkload679 of sky130_fd_sc_hd__bufinv_16 in cell senseedge_top
Note:  Implicit pin Y in instance clkload680 of sky130_fd_sc_hd__inv_8 in cell senseedge_top
Note:  Implicit pin Y in instance clkload681 of sky130_fd_sc_hd__bufinv_16 in cell senseedge_top
Note:  Implicit pin Y in instance clkload682 of sky130_fd_sc_hd__inv_6 in cell senseedge_top
Note:  Implicit pin X in instance clkload683 of sky130_fd_sc_hd__clkbuf_8 in cell senseedge_top
Note:  Implicit pin X in instance clkload684 of sky130_fd_sc_hd__clkbuf_8 in cell senseedge_top
Note:  Implicit pin X in instance clkload685 of sky130_fd_sc_hd__clkbuf_4 in cell senseedge_top
Note:  Implicit pin X in instance clkload686 of sky130_fd_sc_hd__clkbuf_4 in cell senseedge_top
Note:  Implicit pin Y in instance clkload687 of sky130_fd_sc_hd__inv_6 in cell senseedge_top
Note:  Implicit pin Y in instance clkload688 of sky130_fd_sc_hd__bufinv_16 in cell senseedge_top
Note:  Implicit pin Y in instance clkload689 of sky130_fd_sc_hd__clkinv_4 in cell senseedge_top
Note:  Implicit pin Y in instance clkload690 of sky130_fd_sc_hd__clkinv_2 in cell senseedge_top
Note:  Implicit pin Y in instance clkload691 of sky130_fd_sc_hd__clkinvlp_4 in cell senseedge_top
Note:  Implicit pin Y in instance clkload692 of sky130_fd_sc_hd__bufinv_16 in cell senseedge_top
Note:  Implicit pin Y in instance clkload693 of sky130_fd_sc_hd__clkinvlp_4 in cell senseedge_top
Note:  Implicit pin X in instance clkload694 of sky130_fd_sc_hd__clkbuf_8 in cell senseedge_top
Note:  Implicit pin Y in instance clkload695 of sky130_fd_sc_hd__inv_6 in cell senseedge_top
Note:  Implicit pin Y in instance clkload696 of sky130_fd_sc_hd__clkinvlp_4 in cell senseedge_top
Note:  Implicit pin Y in instance clkload697 of sky130_fd_sc_hd__bufinv_16 in cell senseedge_top
Note:  Implicit pin Y in instance clkload698 of sky130_fd_sc_hd__clkinvlp_4 in cell senseedge_top
Note:  Implicit pin Y in instance clkload699 of sky130_fd_sc_hd__clkinv_4 in cell senseedge_top
Note:  Implicit pin Y in instance clkload700 of sky130_fd_sc_hd__clkinv_4 in cell senseedge_top
Note:  Implicit pin Y in instance clkload701 of sky130_fd_sc_hd__clkinv_4 in cell senseedge_top
Note:  Implicit pin Y in instance clkload702 of sky130_fd_sc_hd__clkinvlp_4 in cell senseedge_top
Note:  Implicit pin Y in instance clkload703 of sky130_fd_sc_hd__clkinvlp_4 in cell senseedge_top
Note:  Implicit pin Y in instance clkload704 of sky130_fd_sc_hd__clkinvlp_4 in cell senseedge_top
Note:  Implicit pin Y in instance clkload705 of sky130_fd_sc_hd__clkinv_4 in cell senseedge_top
Note:  Implicit pin Y in instance clkload706 of sky130_fd_sc_hd__clkinvlp_4 in cell senseedge_top
Note:  Implicit pin Y in instance clkload707 of sky130_fd_sc_hd__inv_6 in cell senseedge_top
Note:  Implicit pin Y in instance clkload708 of sky130_fd_sc_hd__inv_6 in cell senseedge_top
Note:  Implicit pin Y in instance clkload709 of sky130_fd_sc_hd__bufinv_16 in cell senseedge_top
Note:  Implicit pin Y in instance clkload710 of sky130_fd_sc_hd__clkinv_4 in cell senseedge_top
Note:  Implicit pin X in instance clkload711 of sky130_fd_sc_hd__clkbuf_8 in cell senseedge_top
Note:  Implicit pin Y in instance clkload712 of sky130_fd_sc_hd__bufinv_16 in cell senseedge_top
Note:  Implicit pin Y in instance clkload713 of sky130_fd_sc_hd__bufinv_16 in cell senseedge_top
Note:  Implicit pin Y in instance clkload714 of sky130_fd_sc_hd__clkinvlp_4 in cell senseedge_top
Note:  Implicit pin X in instance clkload715 of sky130_fd_sc_hd__clkbuf_8 in cell senseedge_top
Note:  Implicit pin Y in instance clkload716 of sky130_fd_sc_hd__clkinv_2 in cell senseedge_top
Note:  Implicit pin Y in instance clkload717 of sky130_fd_sc_hd__bufinv_16 in cell senseedge_top
Note:  Implicit pin Y in instance clkload718 of sky130_fd_sc_hd__bufinv_16 in cell senseedge_top
Note:  Implicit pin Y in instance clkload719 of sky130_fd_sc_hd__bufinv_16 in cell senseedge_top
Note:  Implicit pin X in instance clkload720 of sky130_fd_sc_hd__clkbuf_8 in cell senseedge_top
Note:  Implicit pin Y in instance clkload721 of sky130_fd_sc_hd__clkinv_2 in cell senseedge_top
Note:  Implicit pin Y in instance clkload722 of sky130_fd_sc_hd__clkinv_4 in cell senseedge_top
Note:  Implicit pin X in instance clkload723 of sky130_fd_sc_hd__clkbuf_8 in cell senseedge_top
Note:  Implicit pin Y in instance clkload724 of sky130_fd_sc_hd__clkinv_2 in cell senseedge_top
Note:  Implicit pin X in instance clkload725 of sky130_fd_sc_hd__clkbuf_8 in cell senseedge_top
Note:  Implicit pin Y in instance clkload726 of sky130_fd_sc_hd__inv_6 in cell senseedge_top
Note:  Implicit pin X in instance clkload727 of sky130_fd_sc_hd__clkbuf_8 in cell senseedge_top
Note:  Implicit pin Y in instance clkload728 of sky130_fd_sc_hd__inv_6 in cell senseedge_top
Note:  Implicit pin X in instance clkload729 of sky130_fd_sc_hd__clkbuf_8 in cell senseedge_top
Note:  Implicit pin Y in instance clkload730 of sky130_fd_sc_hd__clkinvlp_4 in cell senseedge_top
Note:  Implicit pin Y in instance clkload731 of sky130_fd_sc_hd__clkinv_2 in cell senseedge_top
Note:  Implicit pin Y in instance clkload732 of sky130_fd_sc_hd__bufinv_16 in cell senseedge_top
Note:  Implicit pin Y in instance clkload733 of sky130_fd_sc_hd__inv_6 in cell senseedge_top
Note:  Implicit pin Y in instance clkload734 of sky130_fd_sc_hd__bufinv_16 in cell senseedge_top
Note:  Implicit pin X in instance clkload735 of sky130_fd_sc_hd__clkbuf_4 in cell senseedge_top
Note:  Implicit pin Y in instance clkload736 of sky130_fd_sc_hd__clkinv_4 in cell senseedge_top
Note:  Implicit pin Y in instance clkload737 of sky130_fd_sc_hd__inv_6 in cell senseedge_top
Note:  Implicit pin Y in instance clkload738 of sky130_fd_sc_hd__inv_8 in cell senseedge_top
Note:  Implicit pin X in instance clkload739 of sky130_fd_sc_hd__clkbuf_8 in cell senseedge_top
Note:  Implicit pin Y in instance clkload740 of sky130_fd_sc_hd__bufinv_16 in cell senseedge_top
Note:  Implicit pin Y in instance clkload741 of sky130_fd_sc_hd__clkinv_2 in cell senseedge_top
Note:  Implicit pin Y in instance clkload742 of sky130_fd_sc_hd__bufinv_16 in cell senseedge_top
Note:  Implicit pin X in instance clkload743 of sky130_fd_sc_hd__clkbuf_8 in cell senseedge_top
Note:  Implicit pin Y in instance clkload744 of sky130_fd_sc_hd__inv_6 in cell senseedge_top
Note:  Implicit pin Y in instance clkload745 of sky130_fd_sc_hd__clkinv_4 in cell senseedge_top
Note:  Implicit pin Y in instance clkload746 of sky130_fd_sc_hd__bufinv_16 in cell senseedge_top
Note:  Implicit pin X in instance clkload747 of sky130_fd_sc_hd__clkbuf_4 in cell senseedge_top
Note:  Implicit pin Y in instance clkload748 of sky130_fd_sc_hd__bufinv_16 in cell senseedge_top
Note:  Implicit pin X in instance clkload749 of sky130_fd_sc_hd__clkbuf_4 in cell senseedge_top
Note:  Implicit pin X in instance clkload750 of sky130_fd_sc_hd__clkbuf_8 in cell senseedge_top
Note:  Implicit pin X in instance clkload751 of sky130_fd_sc_hd__clkbuf_8 in cell senseedge_top
Note:  Implicit pin Y in instance clkload752 of sky130_fd_sc_hd__clkinv_2 in cell senseedge_top
Note:  Implicit pin X in instance clkload753 of sky130_fd_sc_hd__clkbuf_4 in cell senseedge_top
Note:  Implicit pin Y in instance clkload754 of sky130_fd_sc_hd__clkinv_2 in cell senseedge_top
Note:  Implicit pin X in instance clkload755 of sky130_fd_sc_hd__clkbuf_4 in cell senseedge_top
Note:  Implicit pin X in instance clkload756 of sky130_fd_sc_hd__clkbuf_4 in cell senseedge_top
Note:  Implicit pin Y in instance clkload757 of sky130_fd_sc_hd__clkinvlp_4 in cell senseedge_top
Note:  Implicit pin Y in instance clkload758 of sky130_fd_sc_hd__clkinv_4 in cell senseedge_top
Note:  Implicit pin Y in instance clkload759 of sky130_fd_sc_hd__clkinvlp_4 in cell senseedge_top
Note:  Implicit pin X in instance clkload760 of sky130_fd_sc_hd__clkbuf_4 in cell senseedge_top
Note:  Implicit pin X in instance clkload761 of sky130_fd_sc_hd__clkbuf_4 in cell senseedge_top
Note:  Implicit pin X in instance clkload762 of sky130_fd_sc_hd__clkbuf_8 in cell senseedge_top
Note:  Implicit pin Y in instance clkload763 of sky130_fd_sc_hd__clkinvlp_4 in cell senseedge_top
Note:  Implicit pin X in instance clkload764 of sky130_fd_sc_hd__clkbuf_4 in cell senseedge_top
Note:  Implicit pin X in instance clkload765 of sky130_fd_sc_hd__clkbuf_8 in cell senseedge_top
Note:  Implicit pin Y in instance clkload766 of sky130_fd_sc_hd__clkinv_2 in cell senseedge_top
Note:  Implicit pin Y in instance clkload767 of sky130_fd_sc_hd__bufinv_16 in cell senseedge_top
Note:  Implicit pin Y in instance clkload768 of sky130_fd_sc_hd__inv_6 in cell senseedge_top
Note:  Implicit pin Y in instance clkload769 of sky130_fd_sc_hd__clkinv_2 in cell senseedge_top
Note:  Implicit pin X in instance clkload770 of sky130_fd_sc_hd__clkbuf_8 in cell senseedge_top
Note:  Implicit pin X in instance clkload771 of sky130_fd_sc_hd__clkbuf_4 in cell senseedge_top
Note:  Implicit pin Y in instance clkload772 of sky130_fd_sc_hd__inv_6 in cell senseedge_top
Note:  Implicit pin Y in instance clkload773 of sky130_fd_sc_hd__clkinv_2 in cell senseedge_top
Note:  Implicit pin Y in instance clkload774 of sky130_fd_sc_hd__inv_6 in cell senseedge_top
Note:  Implicit pin Y in instance clkload775 of sky130_fd_sc_hd__inv_6 in cell senseedge_top
Note:  Implicit pin Y in instance clkload776 of sky130_fd_sc_hd__clkinv_4 in cell senseedge_top
Note:  Implicit pin Y in instance clkload777 of sky130_fd_sc_hd__clkinvlp_4 in cell senseedge_top
Note:  Implicit pin X in instance clkload778 of sky130_fd_sc_hd__clkbuf_8 in cell senseedge_top
Note:  Implicit pin Y in instance clkload779 of sky130_fd_sc_hd__clkinv_4 in cell senseedge_top
Note:  Implicit pin X in instance clkload780 of sky130_fd_sc_hd__clkbuf_8 in cell senseedge_top
Note:  Implicit pin Y in instance clkload781 of sky130_fd_sc_hd__clkinv_4 in cell senseedge_top
Note:  Implicit pin Y in instance clkload782 of sky130_fd_sc_hd__clkinv_4 in cell senseedge_top
Note:  Implicit pin Y in instance clkload783 of sky130_fd_sc_hd__clkinv_4 in cell senseedge_top
Note:  Implicit pin Y in instance clkload784 of sky130_fd_sc_hd__clkinvlp_4 in cell senseedge_top
Note:  Implicit pin Y in instance clkload785 of sky130_fd_sc_hd__clkinv_4 in cell senseedge_top
Note:  Implicit pin Y in instance clkload786 of sky130_fd_sc_hd__bufinv_16 in cell senseedge_top
Note:  Implicit pin Y in instance clkload787 of sky130_fd_sc_hd__bufinv_16 in cell senseedge_top
Note:  Implicit pin Y in instance clkload788 of sky130_fd_sc_hd__clkinvlp_4 in cell senseedge_top
Note:  Implicit pin Y in instance clkload789 of sky130_fd_sc_hd__bufinv_16 in cell senseedge_top
Note:  Implicit pin Y in instance clkload790 of sky130_fd_sc_hd__clkinv_2 in cell senseedge_top
Note:  Implicit pin X in instance clkload791 of sky130_fd_sc_hd__clkbuf_4 in cell senseedge_top
Note:  Implicit pin X in instance clkload792 of sky130_fd_sc_hd__clkbuf_4 in cell senseedge_top
Note:  Implicit pin X in instance clkload793 of sky130_fd_sc_hd__clkbuf_4 in cell senseedge_top
Note:  Implicit pin Y in instance clkload794 of sky130_fd_sc_hd__clkinv_2 in cell senseedge_top
Note:  Implicit pin Y in instance clkload795 of sky130_fd_sc_hd__clkinv_4 in cell senseedge_top
Note:  Implicit pin Y in instance clkload796 of sky130_fd_sc_hd__bufinv_16 in cell senseedge_top
Note:  Implicit pin Y in instance clkload797 of sky130_fd_sc_hd__bufinv_16 in cell senseedge_top
Note:  Implicit pin Y in instance clkload798 of sky130_fd_sc_hd__inv_6 in cell senseedge_top
Note:  Implicit pin Y in instance clkload799 of sky130_fd_sc_hd__bufinv_16 in cell senseedge_top
Note:  Implicit pin Y in instance clkload800 of sky130_fd_sc_hd__clkinvlp_4 in cell senseedge_top
Note:  Implicit pin Y in instance clkload801 of sky130_fd_sc_hd__clkinv_2 in cell senseedge_top
Note:  Implicit pin Y in instance clkload802 of sky130_fd_sc_hd__clkinv_4 in cell senseedge_top
Note:  Implicit pin Y in instance clkload803 of sky130_fd_sc_hd__bufinv_16 in cell senseedge_top
Note:  Implicit pin Y in instance clkload804 of sky130_fd_sc_hd__inv_6 in cell senseedge_top
Note:  Implicit pin Y in instance clkload805 of sky130_fd_sc_hd__clkinvlp_4 in cell senseedge_top
Note:  Implicit pin Y in instance clkload806 of sky130_fd_sc_hd__clkinv_4 in cell senseedge_top
Note:  Implicit pin Y in instance clkload807 of sky130_fd_sc_hd__inv_8 in cell senseedge_top
Note:  Implicit pin Y in instance clkload808 of sky130_fd_sc_hd__inv_6 in cell senseedge_top
Note:  Implicit pin Y in instance clkload809 of sky130_fd_sc_hd__clkinvlp_4 in cell senseedge_top
Note:  Implicit pin Y in instance clkload810 of sky130_fd_sc_hd__bufinv_16 in cell senseedge_top
Note:  Implicit pin Y in instance clkload811 of sky130_fd_sc_hd__clkinv_2 in cell senseedge_top
Note:  Implicit pin Y in instance clkload812 of sky130_fd_sc_hd__inv_6 in cell senseedge_top
Note:  Implicit pin Y in instance clkload813 of sky130_fd_sc_hd__clkinvlp_4 in cell senseedge_top
Note:  Implicit pin Y in instance clkload814 of sky130_fd_sc_hd__inv_6 in cell senseedge_top
Note:  Implicit pin Y in instance clkload815 of sky130_fd_sc_hd__inv_8 in cell senseedge_top
Note:  Implicit pin X in instance clkload816 of sky130_fd_sc_hd__clkbuf_4 in cell senseedge_top
Note:  Implicit pin Y in instance clkload817 of sky130_fd_sc_hd__inv_6 in cell senseedge_top
Note:  Implicit pin X in instance clkload818 of sky130_fd_sc_hd__clkbuf_4 in cell senseedge_top
Note:  Implicit pin Y in instance clkload819 of sky130_fd_sc_hd__clkinv_4 in cell senseedge_top
Note:  Implicit pin X in instance clkload820 of sky130_fd_sc_hd__clkbuf_4 in cell senseedge_top
Note:  Implicit pin Y in instance clkload821 of sky130_fd_sc_hd__clkinv_4 in cell senseedge_top
Note:  Implicit pin X in instance clkload822 of sky130_fd_sc_hd__clkbuf_8 in cell senseedge_top
Note:  Implicit pin Y in instance clkload823 of sky130_fd_sc_hd__bufinv_16 in cell senseedge_top
Note:  Implicit pin X in instance clkload824 of sky130_fd_sc_hd__clkbuf_8 in cell senseedge_top
Note:  Implicit pin Y in instance clkload825 of sky130_fd_sc_hd__clkinvlp_4 in cell senseedge_top
Treating empty subcircuits as black-box cells
Generating JSON file result

Reading setup file /nix/store/qx9hc4l6vr4pbhihbl6i832pf0ng5mlv-python3-3.11.9-env/lib/python3.11/site-packages/librelane/scripts/netgen/setup.tcl

Model sky130_fd_pr__res_generic_po pin 1 == 2
No property value found for device sky130_fd_pr__res_generic_po
No property mult found for device sky130_fd_pr__res_generic_po
Model sky130_fd_pr__nfet_01v8 pin 1 == 3
No property mult found for device sky130_fd_pr__nfet_01v8
No property sa found for device sky130_fd_pr__nfet_01v8
No property sb found for device sky130_fd_pr__nfet_01v8
No property sd found for device sky130_fd_pr__nfet_01v8
No property nf found for device sky130_fd_pr__nfet_01v8
No property nrd found for device sky130_fd_pr__nfet_01v8
No property nrs found for device sky130_fd_pr__nfet_01v8
No property area found for device sky130_fd_pr__nfet_01v8
No property perim found for device sky130_fd_pr__nfet_01v8
No property topography found for device sky130_fd_pr__nfet_01v8
Model sky130_fd_pr__pfet_01v8_hvt pin 1 == 3
No property mult found for device sky130_fd_pr__pfet_01v8_hvt
No property sa found for device sky130_fd_pr__pfet_01v8_hvt
No property sb found for device sky130_fd_pr__pfet_01v8_hvt
No property sd found for device sky130_fd_pr__pfet_01v8_hvt
No property nf found for device sky130_fd_pr__pfet_01v8_hvt
No property nrd found for device sky130_fd_pr__pfet_01v8_hvt
No property nrs found for device sky130_fd_pr__pfet_01v8_hvt
No property area found for device sky130_fd_pr__pfet_01v8_hvt
No property perim found for device sky130_fd_pr__pfet_01v8_hvt
No property topography found for device sky130_fd_pr__pfet_01v8_hvt
Model sky130_fd_pr__special_nfet_01v8 pin 1 == 3
No property as found for device sky130_fd_pr__special_nfet_01v8
No property ad found for device sky130_fd_pr__special_nfet_01v8
No property ps found for device sky130_fd_pr__special_nfet_01v8
No property pd found for device sky130_fd_pr__special_nfet_01v8
No property mult found for device sky130_fd_pr__special_nfet_01v8
No property sa found for device sky130_fd_pr__special_nfet_01v8
No property sb found for device sky130_fd_pr__special_nfet_01v8
No property sd found for device sky130_fd_pr__special_nfet_01v8
No property nf found for device sky130_fd_pr__special_nfet_01v8
No property nrd found for device sky130_fd_pr__special_nfet_01v8
No property nrs found for device sky130_fd_pr__special_nfet_01v8
No property area found for device sky130_fd_pr__special_nfet_01v8
No property perim found for device sky130_fd_pr__special_nfet_01v8
No property topography found for device sky130_fd_pr__special_nfet_01v8
Model sky130_fd_pr__special_pfet_01v8_hvt pin 1 == 3
No property as found for device sky130_fd_pr__special_pfet_01v8_hvt
No property ad found for device sky130_fd_pr__special_pfet_01v8_hvt
No property ps found for device sky130_fd_pr__special_pfet_01v8_hvt
No property pd found for device sky130_fd_pr__special_pfet_01v8_hvt
No property mult found for device sky130_fd_pr__special_pfet_01v8_hvt
No property sa found for device sky130_fd_pr__special_pfet_01v8_hvt
No property sb found for device sky130_fd_pr__special_pfet_01v8_hvt
No property sd found for device sky130_fd_pr__special_pfet_01v8_hvt
No property nf found for device sky130_fd_pr__special_pfet_01v8_hvt
No property nrd found for device sky130_fd_pr__special_pfet_01v8_hvt
No property nrs found for device sky130_fd_pr__special_pfet_01v8_hvt
No property area found for device sky130_fd_pr__special_pfet_01v8_hvt
No property perim found for device sky130_fd_pr__special_pfet_01v8_hvt
No property topography found for device sky130_fd_pr__special_pfet_01v8_hvt
No property value found for device sky130_fd_pr__diode_pw2nd_05v5
No property mult found for device sky130_fd_pr__diode_pw2nd_05v5
Comparison output logged to file /Users/fidelmakatia/chipfoundry/senseedge/openlane/senseedge_top/runs/RUN_2026-05-28_18-21-46/71-netgen-lvs/reports/lvs.netgen.rpt
Logging to file "/Users/fidelmakatia/chipfoundry/senseedge/openlane/senseedge_top/runs/RUN_2026-05-28_18-21-46/71-netgen-lvs/reports/lvs.netgen.rpt" enabled

Contents of circuit 1:  Circuit: 'sky130_fd_sc_hd__decap_6'
Circuit sky130_fd_sc_hd__decap_6 contains 0 device instances.
Circuit contains 0 nets, and 4 disconnected pins.
Contents of circuit 2:  Circuit: 'sky130_fd_sc_hd__decap_6'
Circuit sky130_fd_sc_hd__decap_6 contains 2 device instances.
  Class: sky130_fd_pr__nfet_01v8 instances:   1
  Class: sky130_fd_pr__pfet_01v8_hvt instances:   1
Circuit contains 4 nets.

Circuit sky130_fd_sc_hd__decap_6 contains no devices.

Contents of circuit 1:  Circuit: 'sky130_ef_sc_hd__decap_40_12'
Circuit sky130_ef_sc_hd__decap_40_12 contains 0 device instances.
Circuit contains 0 nets, and 4 disconnected pins.
Contents of circuit 2:  Circuit: 'sky130_ef_sc_hd__decap_40_12'
Circuit sky130_ef_sc_hd__decap_40_12 contains 2 device instances.
  Class: sky130_fd_pr__nfet_01v8 instances:   1
  Class: sky130_fd_pr__pfet_01v8_hvt instances:   1
Circuit contains 4 nets.

Circuit sky130_ef_sc_hd__decap_40_12 contains no devices.

Contents of circuit 1:  Circuit: 'sky130_fd_sc_hd__diode_2'
Circuit sky130_fd_sc_hd__diode_2 contains 0 device instances.
Circuit contains 0 nets, and 5 disconnected pins.
Contents of circuit 2:  Circuit: 'sky130_fd_sc_hd__diode_2'
Circuit sky130_fd_sc_hd__diode_2 contains 1 device instances.
  Class: sky130_fd_pr__diode_pw2nd_05v5 instances:   1
Circuit contains 2 nets, and 3 disconnected pins.

Circuit sky130_fd_sc_hd__diode_2 contains no devices.

Contents of circuit 1:  Circuit: 'sky130_fd_sc_hd__tapvpwrvgnd_1'
Circuit sky130_fd_sc_hd__tapvpwrvgnd_1 contains 0 device instances.
Circuit contains 0 nets, and 2 disconnected pins.
Contents of circuit 2:  Circuit: 'sky130_fd_sc_hd__tapvpwrvgnd_1'
Circuit sky130_fd_sc_hd__tapvpwrvgnd_1 contains 0 device instances.
Circuit contains 0 nets, and 2 disconnected pins.

Circuit sky130_fd_sc_hd__tapvpwrvgnd_1 contains no devices.

Contents of circuit 1:  Circuit: 'sky130_fd_sc_hd__fill_1'
Circuit sky130_fd_sc_hd__fill_1 contains 0 device instances.
Circuit contains 0 nets, and 4 disconnected pins.
Contents of circuit 2:  Circuit: 'sky130_fd_sc_hd__fill_1'
Circuit sky130_fd_sc_hd__fill_1 contains 0 device instances.
Circuit contains 0 nets, and 4 disconnected pins.

Circuit sky130_fd_sc_hd__fill_1 contains no devices.

Contents of circuit 1:  Circuit: 'sky130_fd_sc_hd__inv_2'
Circuit sky130_fd_sc_hd__inv_2 contains 0 device instances.
Circuit contains 0 nets, and 6 disconnected pins.
Contents of circuit 2:  Circuit: 'sky130_fd_sc_hd__inv_2'
Circuit sky130_fd_sc_hd__inv_2 contains 4 device instances.
  Class: sky130_fd_pr__nfet_01v8 instances:   2
  Class: sky130_fd_pr__pfet_01v8_hvt instances:   2
Circuit contains 6 nets.

Circuit sky130_fd_sc_hd__inv_2 contains no devices.

Contents of circuit 1:  Circuit: 'sky130_fd_sc_hd__fill_2'
Circuit sky130_fd_sc_hd__fill_2 contains 0 device instances.
Circuit contains 0 nets, and 4 disconnected pins.
Contents of circuit 2:  Circuit: 'sky130_fd_sc_hd__fill_2'
Circuit sky130_fd_sc_hd__fill_2 contains 0 device instances.
Circuit contains 0 nets, and 4 disconnected pins.

Circuit sky130_fd_sc_hd__fill_2 contains no devices.

Contents of circuit 1:  Circuit: 'sky130_fd_sc_hd__decap_4'
Circuit sky130_fd_sc_hd__decap_4 contains 0 device instances.
Circuit contains 0 nets, and 4 disconnected pins.
Contents of circuit 2:  Circuit: 'sky130_fd_sc_hd__decap_4'
Circuit sky130_fd_sc_hd__decap_4 contains 2 device instances.
  Class: sky130_fd_pr__nfet_01v8 instances:   1
  Class: sky130_fd_pr__pfet_01v8_hvt instances:   1
Circuit contains 4 nets.

Circuit sky130_fd_sc_hd__decap_4 contains no devices.

Contents of circuit 1:  Circuit: 'sky130_fd_sc_hd__mux2_1'
Circuit sky130_fd_sc_hd__mux2_1 contains 0 device instances.
Circuit contains 0 nets, and 8 disconnected pins.
Contents of circuit 2:  Circuit: 'sky130_fd_sc_hd__mux2_1'
Circuit sky130_fd_sc_hd__mux2_1 contains 12 device instances.
  Class: sky130_fd_pr__nfet_01v8 instances:   6
  Class: sky130_fd_pr__pfet_01v8_hvt instances:   6
Circuit contains 14 nets.

Circuit sky130_fd_sc_hd__mux2_1 contains no devices.

Contents of circuit 1:  Circuit: 'sky130_fd_sc_hd__decap_3'
Circuit sky130_fd_sc_hd__decap_3 contains 0 device instances.
Circuit contains 0 nets, and 4 disconnected pins.
Contents of circuit 2:  Circuit: 'sky130_fd_sc_hd__decap_3'
Circuit sky130_fd_sc_hd__decap_3 contains 2 device instances.
  Class: sky130_fd_pr__nfet_01v8 instances:   1
  Class: sky130_fd_pr__pfet_01v8_hvt instances:   1
Circuit contains 4 nets.

Circuit sky130_fd_sc_hd__decap_3 contains no devices.

Contents of circuit 1:  Circuit: 'sky130_fd_sc_hd__or2_1'
Circuit sky130_fd_sc_hd__or2_1 contains 0 device instances.
Circuit contains 0 nets, and 7 disconnected pins.
Contents of circuit 2:  Circuit: 'sky130_fd_sc_hd__or2_1'
Circuit sky130_fd_sc_hd__or2_1 contains 6 device instances.
  Class: sky130_fd_pr__nfet_01v8 instances:   3
  Class: sky130_fd_pr__pfet_01v8_hvt instances:   3
Circuit contains 9 nets.

Circuit sky130_fd_sc_hd__or2_1 contains no devices.

Contents of circuit 1:  Circuit: 'sky130_fd_sc_hd__a221o_1'
Circuit sky130_fd_sc_hd__a221o_1 contains 0 device instances.
Circuit contains 0 nets, and 10 disconnected pins.
Contents of circuit 2:  Circuit: 'sky130_fd_sc_hd__a221o_1'
Circuit sky130_fd_sc_hd__a221o_1 contains 12 device instances.
  Class: sky130_fd_pr__nfet_01v8 instances:   6
  Class: sky130_fd_pr__pfet_01v8_hvt instances:   6
Circuit contains 15 nets.

Circuit sky130_fd_sc_hd__a221o_1 contains no devices.

Contents of circuit 1:  Circuit: 'sky130_fd_sc_hd__o31ai_1'
Circuit sky130_fd_sc_hd__o31ai_1 contains 0 device instances.
Circuit contains 0 nets, and 9 disconnected pins.
Contents of circuit 2:  Circuit: 'sky130_fd_sc_hd__o31ai_1'
Circuit sky130_fd_sc_hd__o31ai_1 contains 8 device instances.
  Class: sky130_fd_pr__nfet_01v8 instances:   4
  Class: sky130_fd_pr__pfet_01v8_hvt instances:   4
Circuit contains 12 nets.

Circuit sky130_fd_sc_hd__o31ai_1 contains no devices.

Contents of circuit 1:  Circuit: 'sky130_fd_sc_hd__xnor2_2'
Circuit sky130_fd_sc_hd__xnor2_2 contains 0 device instances.
Circuit contains 0 nets, and 7 disconnected pins.
Contents of circuit 2:  Circuit: 'sky130_fd_sc_hd__xnor2_2'
Circuit sky130_fd_sc_hd__xnor2_2 contains 20 device instances.
  Class: sky130_fd_pr__nfet_01v8 instances:  10
  Class: sky130_fd_pr__pfet_01v8_hvt instances:  10
Circuit contains 11 nets.

Circuit sky130_fd_sc_hd__xnor2_2 contains no devices.

Contents of circuit 1:  Circuit: 'sky130_fd_sc_hd__decap_8'
Circuit sky130_fd_sc_hd__decap_8 contains 0 device instances.
Circuit contains 0 nets, and 4 disconnected pins.
Contents of circuit 2:  Circuit: 'sky130_fd_sc_hd__decap_8'
Circuit sky130_fd_sc_hd__decap_8 contains 2 device instances.
  Class: sky130_fd_pr__nfet_01v8 instances:   1
  Class: sky130_fd_pr__pfet_01v8_hvt instances:   1
Circuit contains 4 nets.

Circuit sky130_fd_sc_hd__decap_8 contains no devices.

Contents of circuit 1:  Circuit: 'sky130_fd_sc_hd__xnor2_1'
Circuit sky130_fd_sc_hd__xnor2_1 contains 0 device instances.
Circuit contains 0 nets, and 7 disconnected pins.
Contents of circuit 2:  Circuit: 'sky130_fd_sc_hd__xnor2_1'
Circuit sky130_fd_sc_hd__xnor2_1 contains 10 device instances.
  Class: sky130_fd_pr__nfet_01v8 instances:   5
  Class: sky130_fd_pr__pfet_01v8_hvt instances:   5
Circuit contains 11 nets.

Circuit sky130_fd_sc_hd__xnor2_1 contains no devices.

Contents of circuit 1:  Circuit: 'sky130_fd_sc_hd__o22a_1'
Circuit sky130_fd_sc_hd__o22a_1 contains 0 device instances.
Circuit contains 0 nets, and 9 disconnected pins.
Contents of circuit 2:  Circuit: 'sky130_fd_sc_hd__o22a_1'
Circuit sky130_fd_sc_hd__o22a_1 contains 10 device instances.
  Class: sky130_fd_pr__nfet_01v8 instances:   5
  Class: sky130_fd_pr__pfet_01v8_hvt instances:   5
Circuit contains 13 nets.

Circuit sky130_fd_sc_hd__o22a_1 contains no devices.

Contents of circuit 1:  Circuit: 'sky130_fd_sc_hd__nand2_1'
Circuit sky130_fd_sc_hd__nand2_1 contains 0 device instances.
Circuit contains 0 nets, and 7 disconnected pins.
Contents of circuit 2:  Circuit: 'sky130_fd_sc_hd__nand2_1'
Circuit sky130_fd_sc_hd__nand2_1 contains 4 device instances.
  Class: sky130_fd_pr__nfet_01v8 instances:   2
  Class: sky130_fd_pr__pfet_01v8_hvt instances:   2
Circuit contains 8 nets.

Circuit sky130_fd_sc_hd__nand2_1 contains no devices.

Contents of circuit 1:  Circuit: 'sky130_fd_sc_hd__and2_1'
Circuit sky130_fd_sc_hd__and2_1 contains 0 device instances.
Circuit contains 0 nets, and 7 disconnected pins.
Contents of circuit 2:  Circuit: 'sky130_fd_sc_hd__and2_1'
Circuit sky130_fd_sc_hd__and2_1 contains 6 device instances.
  Class: sky130_fd_pr__nfet_01v8 instances:   3
  Class: sky130_fd_pr__pfet_01v8_hvt instances:   3
Circuit contains 9 nets.

Circuit sky130_fd_sc_hd__and2_1 contains no devices.

Contents of circuit 1:  Circuit: 'sky130_fd_sc_hd__mux4_1'
Circuit sky130_fd_sc_hd__mux4_1 contains 0 device instances.
Circuit contains 0 nets, and 11 disconnected pins.
Contents of circuit 2:  Circuit: 'sky130_fd_sc_hd__mux4_1'
Circuit sky130_fd_sc_hd__mux4_1 contains 26 device instances.
  Class: sky130_fd_pr__nfet_01v8 instances:  13
  Class: sky130_fd_pr__pfet_01v8_hvt instances:  13
Circuit contains 24 nets.

Circuit sky130_fd_sc_hd__mux4_1 contains no devices.

Contents of circuit 1:  Circuit: 'sky130_fd_sc_hd__nor2_1'
Circuit sky130_fd_sc_hd__nor2_1 contains 0 device instances.
Circuit contains 0 nets, and 7 disconnected pins.
Contents of circuit 2:  Circuit: 'sky130_fd_sc_hd__nor2_1'
Circuit sky130_fd_sc_hd__nor2_1 contains 4 device instances.
  Class: sky130_fd_pr__nfet_01v8 instances:   2
  Class: sky130_fd_pr__pfet_01v8_hvt instances:   2
Circuit contains 8 nets.

Circuit sky130_fd_sc_hd__nor2_1 contains no devices.

Contents of circuit 1:  Circuit: 'sky130_fd_sc_hd__xor2_1'
Circuit sky130_fd_sc_hd__xor2_1 contains 0 device instances.
Circuit contains 0 nets, and 7 disconnected pins.
Contents of circuit 2:  Circuit: 'sky130_fd_sc_hd__xor2_1'
Circuit sky130_fd_sc_hd__xor2_1 contains 10 device instances.
  Class: sky130_fd_pr__nfet_01v8 instances:   5
  Class: sky130_fd_pr__pfet_01v8_hvt instances:   5
Circuit contains 11 nets.

Circuit sky130_fd_sc_hd__xor2_1 contains no devices.

Contents of circuit 1:  Circuit: 'sky130_fd_sc_hd__a22o_1'
Circuit sky130_fd_sc_hd__a22o_1 contains 0 device instances.
Circuit contains 0 nets, and 9 disconnected pins.
Contents of circuit 2:  Circuit: 'sky130_fd_sc_hd__a22o_1'
Circuit sky130_fd_sc_hd__a22o_1 contains 10 device instances.
  Class: sky130_fd_pr__nfet_01v8 instances:   5
  Class: sky130_fd_pr__pfet_01v8_hvt instances:   5
Circuit contains 13 nets.

Circuit sky130_fd_sc_hd__a22o_1 contains no devices.

Contents of circuit 1:  Circuit: 'sky130_fd_sc_hd__clkbuf_8'
Circuit sky130_fd_sc_hd__clkbuf_8 contains 0 device instances.
Circuit contains 0 nets, and 6 disconnected pins.
Contents of circuit 2:  Circuit: 'sky130_fd_sc_hd__clkbuf_8'
Circuit sky130_fd_sc_hd__clkbuf_8 contains 20 device instances.
  Class: sky130_fd_pr__nfet_01v8 instances:  10
  Class: sky130_fd_pr__pfet_01v8_hvt instances:  10
Circuit contains 7 nets.

Circuit sky130_fd_sc_hd__clkbuf_8 contains no devices.

Contents of circuit 1:  Circuit: 'sky130_fd_sc_hd__and2_4'
Circuit sky130_fd_sc_hd__and2_4 contains 0 device instances.
Circuit contains 0 nets, and 7 disconnected pins.
Contents of circuit 2:  Circuit: 'sky130_fd_sc_hd__and2_4'
Circuit sky130_fd_sc_hd__and2_4 contains 12 device instances.
  Class: sky130_fd_pr__nfet_01v8 instances:   6
  Class: sky130_fd_pr__pfet_01v8_hvt instances:   6
Circuit contains 9 nets.

Circuit sky130_fd_sc_hd__and2_4 contains no devices.

Contents of circuit 1:  Circuit: 'sky130_fd_sc_hd__and3_1'
Circuit sky130_fd_sc_hd__and3_1 contains 0 device instances.
Circuit contains 0 nets, and 8 disconnected pins.
Contents of circuit 2:  Circuit: 'sky130_fd_sc_hd__and3_1'
Circuit sky130_fd_sc_hd__and3_1 contains 8 device instances.
  Class: sky130_fd_pr__nfet_01v8 instances:   4
  Class: sky130_fd_pr__pfet_01v8_hvt instances:   4
Circuit contains 11 nets.

Circuit sky130_fd_sc_hd__and3_1 contains no devices.

Contents of circuit 1:  Circuit: 'sky130_fd_sc_hd__o211a_1'
Circuit sky130_fd_sc_hd__o211a_1 contains 0 device instances.
Circuit contains 0 nets, and 9 disconnected pins.
Contents of circuit 2:  Circuit: 'sky130_fd_sc_hd__o211a_1'
Circuit sky130_fd_sc_hd__o211a_1 contains 10 device instances.
  Class: sky130_fd_pr__nfet_01v8 instances:   5
  Class: sky130_fd_pr__pfet_01v8_hvt instances:   5
Circuit contains 13 nets.

Circuit sky130_fd_sc_hd__o211a_1 contains no devices.

Contents of circuit 1:  Circuit: 'sky130_fd_sc_hd__a21o_1'
Circuit sky130_fd_sc_hd__a21o_1 contains 0 device instances.
Circuit contains 0 nets, and 8 disconnected pins.
Contents of circuit 2:  Circuit: 'sky130_fd_sc_hd__a21o_1'
Circuit sky130_fd_sc_hd__a21o_1 contains 8 device instances.
  Class: sky130_fd_pr__nfet_01v8 instances:   4
  Class: sky130_fd_pr__pfet_01v8_hvt instances:   4
Circuit contains 11 nets.

Circuit sky130_fd_sc_hd__a21o_1 contains no devices.

Contents of circuit 1:  Circuit: 'sky130_fd_sc_hd__dfxtp_1'
Circuit sky130_fd_sc_hd__dfxtp_1 contains 0 device instances.
Circuit contains 0 nets, and 7 disconnected pins.
Contents of circuit 2:  Circuit: 'sky130_fd_sc_hd__dfxtp_1'
Circuit sky130_fd_sc_hd__dfxtp_1 contains 24 device instances.
  Class: sky130_fd_pr__nfet_01v8 instances:   8
  Class: sky130_fd_pr__pfet_01v8_hvt instances:  12
  Class: sky130_fd_pr__special_nfet_01v8 instances:   4
Circuit contains 18 nets.

Circuit sky130_fd_sc_hd__dfxtp_1 contains no devices.

Contents of circuit 1:  Circuit: 'sky130_fd_sc_hd__dlygate4sd3_1'
Circuit sky130_fd_sc_hd__dlygate4sd3_1 contains 0 device instances.
Circuit contains 0 nets, and 6 disconnected pins.
Contents of circuit 2:  Circuit: 'sky130_fd_sc_hd__dlygate4sd3_1'
Circuit sky130_fd_sc_hd__dlygate4sd3_1 contains 8 device instances.
  Class: sky130_fd_pr__nfet_01v8 instances:   4
  Class: sky130_fd_pr__pfet_01v8_hvt instances:   4
Circuit contains 9 nets.

Circuit sky130_fd_sc_hd__dlygate4sd3_1 contains no devices.

Contents of circuit 1:  Circuit: 'sky130_fd_sc_hd__nor3_1'
Circuit sky130_fd_sc_hd__nor3_1 contains 0 device instances.
Circuit contains 0 nets, and 8 disconnected pins.
Contents of circuit 2:  Circuit: 'sky130_fd_sc_hd__nor3_1'
Circuit sky130_fd_sc_hd__nor3_1 contains 6 device instances.
  Class: sky130_fd_pr__nfet_01v8 instances:   3
  Class: sky130_fd_pr__pfet_01v8_hvt instances:   3
Circuit contains 10 nets.

Circuit sky130_fd_sc_hd__nor3_1 contains no devices.

Contents of circuit 1:  Circuit: 'sky130_fd_sc_hd__clkbuf_16'
Circuit sky130_fd_sc_hd__clkbuf_16 contains 0 device instances.
Circuit contains 0 nets, and 6 disconnected pins.
Contents of circuit 2:  Circuit: 'sky130_fd_sc_hd__clkbuf_16'
Circuit sky130_fd_sc_hd__clkbuf_16 contains 40 device instances.
  Class: sky130_fd_pr__nfet_01v8 instances:  20
  Class: sky130_fd_pr__pfet_01v8_hvt instances:  20
Circuit contains 7 nets.

Circuit sky130_fd_sc_hd__clkbuf_16 contains no devices.

Contents of circuit 1:  Circuit: 'sky130_fd_sc_hd__buf_6'
Circuit sky130_fd_sc_hd__buf_6 contains 0 device instances.
Circuit contains 0 nets, and 6 disconnected pins.
Contents of circuit 2:  Circuit: 'sky130_fd_sc_hd__buf_6'
Circuit sky130_fd_sc_hd__buf_6 contains 16 device instances.
  Class: sky130_fd_pr__nfet_01v8 instances:   8
  Class: sky130_fd_pr__pfet_01v8_hvt instances:   8
Circuit contains 7 nets.

Circuit sky130_fd_sc_hd__buf_6 contains no devices.

Contents of circuit 1:  Circuit: 'sky130_fd_sc_hd__and2b_1'
Circuit sky130_fd_sc_hd__and2b_1 contains 0 device instances.
Circuit contains 0 nets, and 7 disconnected pins.
Contents of circuit 2:  Circuit: 'sky130_fd_sc_hd__and2b_1'
Circuit sky130_fd_sc_hd__and2b_1 contains 8 device instances.
  Class: sky130_fd_pr__nfet_01v8 instances:   4
  Class: sky130_fd_pr__pfet_01v8_hvt instances:   4
Circuit contains 10 nets.

Circuit sky130_fd_sc_hd__and2b_1 contains no devices.

Contents of circuit 1:  Circuit: 'sky130_fd_sc_hd__buf_8'
Circuit sky130_fd_sc_hd__buf_8 contains 0 device instances.
Circuit contains 0 nets, and 6 disconnected pins.
Contents of circuit 2:  Circuit: 'sky130_fd_sc_hd__buf_8'
Circuit sky130_fd_sc_hd__buf_8 contains 22 device instances.
  Class: sky130_fd_pr__nfet_01v8 instances:  11
  Class: sky130_fd_pr__pfet_01v8_hvt instances:  11
Circuit contains 7 nets.

Circuit sky130_fd_sc_hd__buf_8 contains no devices.

Contents of circuit 1:  Circuit: 'sky130_fd_sc_hd__buf_4'
Circuit sky130_fd_sc_hd__buf_4 contains 0 device instances.
Circuit contains 0 nets, and 6 disconnected pins.
Contents of circuit 2:  Circuit: 'sky130_fd_sc_hd__buf_4'
Circuit sky130_fd_sc_hd__buf_4 contains 10 device instances.
  Class: sky130_fd_pr__nfet_01v8 instances:   5
  Class: sky130_fd_pr__pfet_01v8_hvt instances:   5
Circuit contains 7 nets.

Circuit sky130_fd_sc_hd__buf_4 contains no devices.

Contents of circuit 1:  Circuit: 'sky130_fd_sc_hd__xnor2_4'
Circuit sky130_fd_sc_hd__xnor2_4 contains 0 device instances.
Circuit contains 0 nets, and 7 disconnected pins.
Contents of circuit 2:  Circuit: 'sky130_fd_sc_hd__xnor2_4'
Circuit sky130_fd_sc_hd__xnor2_4 contains 40 device instances.
  Class: sky130_fd_pr__nfet_01v8 instances:  20
  Class: sky130_fd_pr__pfet_01v8_hvt instances:  20
Circuit contains 11 nets.

Circuit sky130_fd_sc_hd__xnor2_4 contains no devices.

Contents of circuit 1:  Circuit: 'sky130_fd_sc_hd__or3_1'
Circuit sky130_fd_sc_hd__or3_1 contains 0 device instances.
Circuit contains 0 nets, and 8 disconnected pins.
Contents of circuit 2:  Circuit: 'sky130_fd_sc_hd__or3_1'
Circuit sky130_fd_sc_hd__or3_1 contains 8 device instances.
  Class: sky130_fd_pr__nfet_01v8 instances:   4
  Class: sky130_fd_pr__pfet_01v8_hvt instances:   4
Circuit contains 11 nets.

Circuit sky130_fd_sc_hd__or3_1 contains no devices.

Contents of circuit 1:  Circuit: 'sky130_fd_sc_hd__a2bb2o_1'
Circuit sky130_fd_sc_hd__a2bb2o_1 contains 0 device instances.
Circuit contains 0 nets, and 9 disconnected pins.
Contents of circuit 2:  Circuit: 'sky130_fd_sc_hd__a2bb2o_1'
Circuit sky130_fd_sc_hd__a2bb2o_1 contains 12 device instances.
  Class: sky130_fd_pr__nfet_01v8 instances:   6
  Class: sky130_fd_pr__pfet_01v8_hvt instances:   6
Circuit contains 14 nets.

Circuit sky130_fd_sc_hd__a2bb2o_1 contains no devices.

Contents of circuit 1:  Circuit: 'sky130_fd_sc_hd__a21bo_1'
Circuit sky130_fd_sc_hd__a21bo_1 contains 0 device instances.
Circuit contains 0 nets, and 8 disconnected pins.
Contents of circuit 2:  Circuit: 'sky130_fd_sc_hd__a21bo_1'
Circuit sky130_fd_sc_hd__a21bo_1 contains 10 device instances.
  Class: sky130_fd_pr__nfet_01v8 instances:   5
  Class: sky130_fd_pr__pfet_01v8_hvt instances:   5
Circuit contains 12 nets.

Circuit sky130_fd_sc_hd__a21bo_1 contains no devices.

Contents of circuit 1:  Circuit: 'sky130_fd_sc_hd__nand2b_1'
Circuit sky130_fd_sc_hd__nand2b_1 contains 0 device instances.
Circuit contains 0 nets, and 7 disconnected pins.
Contents of circuit 2:  Circuit: 'sky130_fd_sc_hd__nand2b_1'
Circuit sky130_fd_sc_hd__nand2b_1 contains 6 device instances.
  Class: sky130_fd_pr__nfet_01v8 instances:   3
  Class: sky130_fd_pr__pfet_01v8_hvt instances:   3
Circuit contains 9 nets.

Circuit sky130_fd_sc_hd__nand2b_1 contains no devices.

Contents of circuit 1:  Circuit: 'sky130_fd_sc_hd__o221a_4'
Circuit sky130_fd_sc_hd__o221a_4 contains 0 device instances.
Circuit contains 0 nets, and 10 disconnected pins.
Contents of circuit 2:  Circuit: 'sky130_fd_sc_hd__o221a_4'
Circuit sky130_fd_sc_hd__o221a_4 contains 28 device instances.
  Class: sky130_fd_pr__nfet_01v8 instances:  14
  Class: sky130_fd_pr__pfet_01v8_hvt instances:  14
Circuit contains 15 nets.

Circuit sky130_fd_sc_hd__o221a_4 contains no devices.

Contents of circuit 1:  Circuit: 'sky130_fd_sc_hd__a211oi_1'
Circuit sky130_fd_sc_hd__a211oi_1 contains 0 device instances.
Circuit contains 0 nets, and 9 disconnected pins.
Contents of circuit 2:  Circuit: 'sky130_fd_sc_hd__a211oi_1'
Circuit sky130_fd_sc_hd__a211oi_1 contains 8 device instances.
  Class: sky130_fd_pr__nfet_01v8 instances:   4
  Class: sky130_fd_pr__pfet_01v8_hvt instances:   4
Circuit contains 12 nets.

Circuit sky130_fd_sc_hd__a211oi_1 contains no devices.

Contents of circuit 1:  Circuit: 'sky130_fd_sc_hd__a211o_1'
Circuit sky130_fd_sc_hd__a211o_1 contains 0 device instances.
Circuit contains 0 nets, and 9 disconnected pins.
Contents of circuit 2:  Circuit: 'sky130_fd_sc_hd__a211o_1'
Circuit sky130_fd_sc_hd__a211o_1 contains 10 device instances.
  Class: sky130_fd_pr__nfet_01v8 instances:   5
  Class: sky130_fd_pr__pfet_01v8_hvt instances:   5
Circuit contains 13 nets.

Circuit sky130_fd_sc_hd__a211o_1 contains no devices.

Contents of circuit 1:  Circuit: 'sky130_fd_sc_hd__o21ba_1'
Circuit sky130_fd_sc_hd__o21ba_1 contains 0 device instances.
Circuit contains 0 nets, and 8 disconnected pins.
Contents of circuit 2:  Circuit: 'sky130_fd_sc_hd__o21ba_1'
Circuit sky130_fd_sc_hd__o21ba_1 contains 10 device instances.
  Class: sky130_fd_pr__nfet_01v8 instances:   5
  Class: sky130_fd_pr__pfet_01v8_hvt instances:   5
Circuit contains 12 nets.

Circuit sky130_fd_sc_hd__o21ba_1 contains no devices.

Contents of circuit 1:  Circuit: 'sky130_fd_sc_hd__nand4_1'
Circuit sky130_fd_sc_hd__nand4_1 contains 0 device instances.
Circuit contains 0 nets, and 9 disconnected pins.
Contents of circuit 2:  Circuit: 'sky130_fd_sc_hd__nand4_1'
Circuit sky130_fd_sc_hd__nand4_1 contains 8 device instances.
  Class: sky130_fd_pr__nfet_01v8 instances:   4
  Class: sky130_fd_pr__pfet_01v8_hvt instances:   4
Circuit contains 12 nets.

Circuit sky130_fd_sc_hd__nand4_1 contains no devices.

Contents of circuit 1:  Circuit: 'sky130_fd_sc_hd__mux4_2'
Circuit sky130_fd_sc_hd__mux4_2 contains 0 device instances.
Circuit contains 0 nets, and 11 disconnected pins.
Contents of circuit 2:  Circuit: 'sky130_fd_sc_hd__mux4_2'
Circuit sky130_fd_sc_hd__mux4_2 contains 28 device instances.
  Class: sky130_fd_pr__nfet_01v8 instances:  10
  Class: sky130_fd_pr__pfet_01v8_hvt instances:  14
  Class: sky130_fd_pr__special_nfet_01v8 instances:   4
Circuit contains 24 nets.

Circuit sky130_fd_sc_hd__mux4_2 contains no devices.

Contents of circuit 1:  Circuit: 'sky130_fd_sc_hd__a211o_4'
Circuit sky130_fd_sc_hd__a211o_4 contains 0 device instances.
Circuit contains 0 nets, and 9 disconnected pins.
Contents of circuit 2:  Circuit: 'sky130_fd_sc_hd__a211o_4'
Circuit sky130_fd_sc_hd__a211o_4 contains 24 device instances.
  Class: sky130_fd_pr__nfet_01v8 instances:  12
  Class: sky130_fd_pr__pfet_01v8_hvt instances:  12
Circuit contains 15 nets.

Circuit sky130_fd_sc_hd__a211o_4 contains no devices.

Contents of circuit 1:  Circuit: 'sky130_fd_sc_hd__o21a_1'
Circuit sky130_fd_sc_hd__o21a_1 contains 0 device instances.
Circuit contains 0 nets, and 8 disconnected pins.
Contents of circuit 2:  Circuit: 'sky130_fd_sc_hd__o21a_1'
Circuit sky130_fd_sc_hd__o21a_1 contains 8 device instances.
  Class: sky130_fd_pr__nfet_01v8 instances:   4
  Class: sky130_fd_pr__pfet_01v8_hvt instances:   4
Circuit contains 11 nets.

Circuit sky130_fd_sc_hd__o21a_1 contains no devices.

Contents of circuit 1:  Circuit: 'sky130_fd_sc_hd__a21oi_1'
Circuit sky130_fd_sc_hd__a21oi_1 contains 0 device instances.
Circuit contains 0 nets, and 8 disconnected pins.
Contents of circuit 2:  Circuit: 'sky130_fd_sc_hd__a21oi_1'
Circuit sky130_fd_sc_hd__a21oi_1 contains 6 device instances.
  Class: sky130_fd_pr__nfet_01v8 instances:   3
  Class: sky130_fd_pr__pfet_01v8_hvt instances:   3
Circuit contains 10 nets.

Circuit sky130_fd_sc_hd__a21oi_1 contains no devices.

Contents of circuit 1:  Circuit: 'sky130_fd_sc_hd__a31o_1'
Circuit sky130_fd_sc_hd__a31o_1 contains 0 device instances.
Circuit contains 0 nets, and 9 disconnected pins.
Contents of circuit 2:  Circuit: 'sky130_fd_sc_hd__a31o_1'
Circuit sky130_fd_sc_hd__a31o_1 contains 10 device instances.
  Class: sky130_fd_pr__nfet_01v8 instances:   5
  Class: sky130_fd_pr__pfet_01v8_hvt instances:   5
Circuit contains 13 nets.

Circuit sky130_fd_sc_hd__a31o_1 contains no devices.

Contents of circuit 1:  Circuit: 'sky130_fd_sc_hd__o21ai_4'
Circuit sky130_fd_sc_hd__o21ai_4 contains 0 device instances.
Circuit contains 0 nets, and 8 disconnected pins.
Contents of circuit 2:  Circuit: 'sky130_fd_sc_hd__o21ai_4'
Circuit sky130_fd_sc_hd__o21ai_4 contains 24 device instances.
  Class: sky130_fd_pr__nfet_01v8 instances:  12
  Class: sky130_fd_pr__pfet_01v8_hvt instances:  12
Circuit contains 10 nets.

Circuit sky130_fd_sc_hd__o21ai_4 contains no devices.

Contents of circuit 1:  Circuit: 'sky130_fd_sc_hd__xor2_2'
Circuit sky130_fd_sc_hd__xor2_2 contains 0 device instances.
Circuit contains 0 nets, and 7 disconnected pins.
Contents of circuit 2:  Circuit: 'sky130_fd_sc_hd__xor2_2'
Circuit sky130_fd_sc_hd__xor2_2 contains 20 device instances.
  Class: sky130_fd_pr__nfet_01v8 instances:  10
  Class: sky130_fd_pr__pfet_01v8_hvt instances:  10
Circuit contains 11 nets.

Circuit sky130_fd_sc_hd__xor2_2 contains no devices.

Contents of circuit 1:  Circuit: 'sky130_fd_sc_hd__o221a_1'
Circuit sky130_fd_sc_hd__o221a_1 contains 0 device instances.
Circuit contains 0 nets, and 10 disconnected pins.
Contents of circuit 2:  Circuit: 'sky130_fd_sc_hd__o221a_1'
Circuit sky130_fd_sc_hd__o221a_1 contains 12 device instances.
  Class: sky130_fd_pr__nfet_01v8 instances:   6
  Class: sky130_fd_pr__pfet_01v8_hvt instances:   6
Circuit contains 15 nets.

Circuit sky130_fd_sc_hd__o221a_1 contains no devices.

Contents of circuit 1:  Circuit: 'sky130_fd_sc_hd__nand3_1'
Circuit sky130_fd_sc_hd__nand3_1 contains 0 device instances.
Circuit contains 0 nets, and 8 disconnected pins.
Contents of circuit 2:  Circuit: 'sky130_fd_sc_hd__nand3_1'
Circuit sky130_fd_sc_hd__nand3_1 contains 6 device instances.
  Class: sky130_fd_pr__nfet_01v8 instances:   3
  Class: sky130_fd_pr__pfet_01v8_hvt instances:   3
Circuit contains 10 nets.

Circuit sky130_fd_sc_hd__nand3_1 contains no devices.

Contents of circuit 1:  Circuit: 'sky130_fd_sc_hd__or2_4'
Circuit sky130_fd_sc_hd__or2_4 contains 0 device instances.
Circuit contains 0 nets, and 7 disconnected pins.
Contents of circuit 2:  Circuit: 'sky130_fd_sc_hd__or2_4'
Circuit sky130_fd_sc_hd__or2_4 contains 12 device instances.
  Class: sky130_fd_pr__nfet_01v8 instances:   6
  Class: sky130_fd_pr__pfet_01v8_hvt instances:   6
Circuit contains 9 nets.

Circuit sky130_fd_sc_hd__or2_4 contains no devices.

Contents of circuit 1:  Circuit: 'sky130_fd_sc_hd__nor2_2'
Circuit sky130_fd_sc_hd__nor2_2 contains 0 device instances.
Circuit contains 0 nets, and 7 disconnected pins.
Contents of circuit 2:  Circuit: 'sky130_fd_sc_hd__nor2_2'
Circuit sky130_fd_sc_hd__nor2_2 contains 8 device instances.
  Class: sky130_fd_pr__nfet_01v8 instances:   4
  Class: sky130_fd_pr__pfet_01v8_hvt instances:   4
Circuit contains 8 nets.

Circuit sky130_fd_sc_hd__nor2_2 contains no devices.

Contents of circuit 1:  Circuit: 'sky130_fd_sc_hd__a21boi_2'
Circuit sky130_fd_sc_hd__a21boi_2 contains 0 device instances.
Circuit contains 0 nets, and 8 disconnected pins.
Contents of circuit 2:  Circuit: 'sky130_fd_sc_hd__a21boi_2'
Circuit sky130_fd_sc_hd__a21boi_2 contains 14 device instances.
  Class: sky130_fd_pr__nfet_01v8 instances:   7
  Class: sky130_fd_pr__pfet_01v8_hvt instances:   7
Circuit contains 12 nets.

Circuit sky130_fd_sc_hd__a21boi_2 contains no devices.

Contents of circuit 1:  Circuit: 'sky130_fd_sc_hd__clkinv_4'
Circuit sky130_fd_sc_hd__clkinv_4 contains 0 device instances.
Circuit contains 0 nets, and 6 disconnected pins.
Contents of circuit 2:  Circuit: 'sky130_fd_sc_hd__clkinv_4'
Circuit sky130_fd_sc_hd__clkinv_4 contains 10 device instances.
  Class: sky130_fd_pr__nfet_01v8 instances:   4
  Class: sky130_fd_pr__pfet_01v8_hvt instances:   6
Circuit contains 6 nets.

Circuit sky130_fd_sc_hd__clkinv_4 contains no devices.

Contents of circuit 1:  Circuit: 'sky130_fd_sc_hd__inv_6'
Circuit sky130_fd_sc_hd__inv_6 contains 0 device instances.
Circuit contains 0 nets, and 6 disconnected pins.
Contents of circuit 2:  Circuit: 'sky130_fd_sc_hd__inv_6'
Circuit sky130_fd_sc_hd__inv_6 contains 12 device instances.
  Class: sky130_fd_pr__nfet_01v8 instances:   6
  Class: sky130_fd_pr__pfet_01v8_hvt instances:   6
Circuit contains 6 nets.

Circuit sky130_fd_sc_hd__inv_6 contains no devices.

Contents of circuit 1:  Circuit: 'sky130_fd_sc_hd__clkbuf_4'
Circuit sky130_fd_sc_hd__clkbuf_4 contains 0 device instances.
Circuit contains 0 nets, and 6 disconnected pins.
Contents of circuit 2:  Circuit: 'sky130_fd_sc_hd__clkbuf_4'
Circuit sky130_fd_sc_hd__clkbuf_4 contains 10 device instances.
  Class: sky130_fd_pr__nfet_01v8 instances:   5
  Class: sky130_fd_pr__pfet_01v8_hvt instances:   5
Circuit contains 7 nets.

Circuit sky130_fd_sc_hd__clkbuf_4 contains no devices.

Contents of circuit 1:  Circuit: 'sky130_fd_sc_hd__clkinv_2'
Circuit sky130_fd_sc_hd__clkinv_2 contains 0 device instances.
Circuit contains 0 nets, and 6 disconnected pins.
Contents of circuit 2:  Circuit: 'sky130_fd_sc_hd__clkinv_2'
Circuit sky130_fd_sc_hd__clkinv_2 contains 5 device instances.
  Class: sky130_fd_pr__nfet_01v8 instances:   2
  Class: sky130_fd_pr__pfet_01v8_hvt instances:   3
Circuit contains 6 nets.

Circuit sky130_fd_sc_hd__clkinv_2 contains no devices.

Contents of circuit 1:  Circuit: 'sky130_fd_sc_hd__clkinvlp_4'
Circuit sky130_fd_sc_hd__clkinvlp_4 contains 0 device instances.
Circuit contains 0 nets, and 6 disconnected pins.
Contents of circuit 2:  Circuit: 'sky130_fd_sc_hd__clkinvlp_4'
Circuit sky130_fd_sc_hd__clkinvlp_4 contains 8 device instances.
  Class: sky130_fd_pr__nfet_01v8 instances:   4
  Class: sky130_fd_pr__pfet_01v8_hvt instances:   4
Circuit contains 8 nets.

Circuit sky130_fd_sc_hd__clkinvlp_4 contains no devices.

Contents of circuit 1:  Circuit: 'sky130_fd_sc_hd__bufinv_16'
Circuit sky130_fd_sc_hd__bufinv_16 contains 0 device instances.
Circuit contains 0 nets, and 6 disconnected pins.
Contents of circuit 2:  Circuit: 'sky130_fd_sc_hd__bufinv_16'
Circuit sky130_fd_sc_hd__bufinv_16 contains 50 device instances.
  Class: sky130_fd_pr__nfet_01v8 instances:  25
  Class: sky130_fd_pr__pfet_01v8_hvt instances:  25
Circuit contains 8 nets.

Circuit sky130_fd_sc_hd__bufinv_16 contains no devices.

Contents of circuit 1:  Circuit: 'sky130_fd_sc_hd__buf_12'
Circuit sky130_fd_sc_hd__buf_12 contains 0 device instances.
Circuit contains 0 nets, and 6 disconnected pins.
Contents of circuit 2:  Circuit: 'sky130_fd_sc_hd__buf_12'
Circuit sky130_fd_sc_hd__buf_12 contains 32 device instances.
  Class: sky130_fd_pr__nfet_01v8 instances:  16
  Class: sky130_fd_pr__pfet_01v8_hvt instances:  16
Circuit contains 7 nets.

Circuit sky130_fd_sc_hd__buf_12 contains no devices.

Contents of circuit 1:  Circuit: 'sky130_fd_sc_hd__or3_4'
Circuit sky130_fd_sc_hd__or3_4 contains 0 device instances.
Circuit contains 0 nets, and 8 disconnected pins.
Contents of circuit 2:  Circuit: 'sky130_fd_sc_hd__or3_4'
Circuit sky130_fd_sc_hd__or3_4 contains 14 device instances.
  Class: sky130_fd_pr__nfet_01v8 instances:   7
  Class: sky130_fd_pr__pfet_01v8_hvt instances:   7
Circuit contains 11 nets.

Circuit sky130_fd_sc_hd__or3_4 contains no devices.

Contents of circuit 1:  Circuit: 'sky130_fd_sc_hd__o21ai_1'
Circuit sky130_fd_sc_hd__o21ai_1 contains 0 device instances.
Circuit contains 0 nets, and 8 disconnected pins.
Contents of circuit 2:  Circuit: 'sky130_fd_sc_hd__o21ai_1'
Circuit sky130_fd_sc_hd__o21ai_1 contains 6 device instances.
  Class: sky130_fd_pr__nfet_01v8 instances:   3
  Class: sky130_fd_pr__pfet_01v8_hvt instances:   3
Circuit contains 10 nets.

Circuit sky130_fd_sc_hd__o21ai_1 contains no devices.

Contents of circuit 1:  Circuit: 'sky130_fd_sc_hd__and4_1'
Circuit sky130_fd_sc_hd__and4_1 contains 0 device instances.
Circuit contains 0 nets, and 9 disconnected pins.
Contents of circuit 2:  Circuit: 'sky130_fd_sc_hd__and4_1'
Circuit sky130_fd_sc_hd__and4_1 contains 10 device instances.
  Class: sky130_fd_pr__nfet_01v8 instances:   5
  Class: sky130_fd_pr__pfet_01v8_hvt instances:   5
Circuit contains 13 nets.

Circuit sky130_fd_sc_hd__and4_1 contains no devices.

Contents of circuit 1:  Circuit: 'sky130_fd_sc_hd__a21boi_1'
Circuit sky130_fd_sc_hd__a21boi_1 contains 0 device instances.
Circuit contains 0 nets, and 8 disconnected pins.
Contents of circuit 2:  Circuit: 'sky130_fd_sc_hd__a21boi_1'
Circuit sky130_fd_sc_hd__a21boi_1 contains 8 device instances.
  Class: sky130_fd_pr__nfet_01v8 instances:   4
  Class: sky130_fd_pr__pfet_01v8_hvt instances:   4
Circuit contains 11 nets.

Circuit sky130_fd_sc_hd__a21boi_1 contains no devices.

Contents of circuit 1:  Circuit: 'sky130_fd_sc_hd__o32a_4'
Circuit sky130_fd_sc_hd__o32a_4 contains 0 device instances.
Circuit contains 0 nets, and 10 disconnected pins.
Contents of circuit 2:  Circuit: 'sky130_fd_sc_hd__o32a_4'
Circuit sky130_fd_sc_hd__o32a_4 contains 28 device instances.
  Class: sky130_fd_pr__nfet_01v8 instances:  14
  Class: sky130_fd_pr__pfet_01v8_hvt instances:  14
Circuit contains 15 nets.

Circuit sky130_fd_sc_hd__o32a_4 contains no devices.

Contents of circuit 1:  Circuit: 'sky130_fd_sc_hd__o22a_4'
Circuit sky130_fd_sc_hd__o22a_4 contains 0 device instances.
Circuit contains 0 nets, and 9 disconnected pins.
Contents of circuit 2:  Circuit: 'sky130_fd_sc_hd__o22a_4'
Circuit sky130_fd_sc_hd__o22a_4 contains 24 device instances.
  Class: sky130_fd_pr__nfet_01v8 instances:  12
  Class: sky130_fd_pr__pfet_01v8_hvt instances:  12
Circuit contains 13 nets.

Circuit sky130_fd_sc_hd__o22a_4 contains no devices.

Contents of circuit 1:  Circuit: 'sky130_fd_sc_hd__clkbuf_2'
Circuit sky130_fd_sc_hd__clkbuf_2 contains 0 device instances.
Circuit contains 0 nets, and 6 disconnected pins.
Contents of circuit 2:  Circuit: 'sky130_fd_sc_hd__clkbuf_2'
Circuit sky130_fd_sc_hd__clkbuf_2 contains 6 device instances.
  Class: sky130_fd_pr__nfet_01v8 instances:   3
  Class: sky130_fd_pr__pfet_01v8_hvt instances:   3
Circuit contains 7 nets.

Circuit sky130_fd_sc_hd__clkbuf_2 contains no devices.

Contents of circuit 1:  Circuit: 'sky130_fd_sc_hd__dfxtp_4'
Circuit sky130_fd_sc_hd__dfxtp_4 contains 0 device instances.
Circuit contains 0 nets, and 7 disconnected pins.
Contents of circuit 2:  Circuit: 'sky130_fd_sc_hd__dfxtp_4'
Circuit sky130_fd_sc_hd__dfxtp_4 contains 30 device instances.
  Class: sky130_fd_pr__nfet_01v8 instances:  11
  Class: sky130_fd_pr__pfet_01v8_hvt instances:  15
  Class: sky130_fd_pr__special_nfet_01v8 instances:   4
Circuit contains 18 nets.

Circuit sky130_fd_sc_hd__dfxtp_4 contains no devices.

Contents of circuit 1:  Circuit: 'sky130_fd_sc_hd__o211ai_2'
Circuit sky130_fd_sc_hd__o211ai_2 contains 0 device instances.
Circuit contains 0 nets, and 9 disconnected pins.
Contents of circuit 2:  Circuit: 'sky130_fd_sc_hd__o211ai_2'
Circuit sky130_fd_sc_hd__o211ai_2 contains 16 device instances.
  Class: sky130_fd_pr__nfet_01v8 instances:   8
  Class: sky130_fd_pr__pfet_01v8_hvt instances:   8
Circuit contains 12 nets.

Circuit sky130_fd_sc_hd__o211ai_2 contains no devices.

Contents of circuit 1:  Circuit: 'sky130_fd_sc_hd__o311a_2'
Circuit sky130_fd_sc_hd__o311a_2 contains 0 device instances.
Circuit contains 0 nets, and 10 disconnected pins.
Contents of circuit 2:  Circuit: 'sky130_fd_sc_hd__o311a_2'
Circuit sky130_fd_sc_hd__o311a_2 contains 14 device instances.
  Class: sky130_fd_pr__nfet_01v8 instances:   7
  Class: sky130_fd_pr__pfet_01v8_hvt instances:   7
Circuit contains 15 nets.

Circuit sky130_fd_sc_hd__o311a_2 contains no devices.

Contents of circuit 1:  Circuit: 'sky130_fd_sc_hd__o31a_1'
Circuit sky130_fd_sc_hd__o31a_1 contains 0 device instances.
Circuit contains 0 nets, and 9 disconnected pins.
Contents of circuit 2:  Circuit: 'sky130_fd_sc_hd__o31a_1'
Circuit sky130_fd_sc_hd__o31a_1 contains 10 device instances.
  Class: sky130_fd_pr__nfet_01v8 instances:   5
  Class: sky130_fd_pr__pfet_01v8_hvt instances:   5
Circuit contains 13 nets.

Circuit sky130_fd_sc_hd__o31a_1 contains no devices.

Contents of circuit 1:  Circuit: 'sky130_fd_sc_hd__a311o_1'
Circuit sky130_fd_sc_hd__a311o_1 contains 0 device instances.
Circuit contains 0 nets, and 10 disconnected pins.
Contents of circuit 2:  Circuit: 'sky130_fd_sc_hd__a311o_1'
Circuit sky130_fd_sc_hd__a311o_1 contains 12 device instances.
  Class: sky130_fd_pr__nfet_01v8 instances:   6
  Class: sky130_fd_pr__pfet_01v8_hvt instances:   6
Circuit contains 15 nets.

Circuit sky130_fd_sc_hd__a311o_1 contains no devices.

Contents of circuit 1:  Circuit: 'sky130_fd_sc_hd__o221a_2'
Circuit sky130_fd_sc_hd__o221a_2 contains 0 device instances.
Circuit contains 0 nets, and 10 disconnected pins.
Contents of circuit 2:  Circuit: 'sky130_fd_sc_hd__o221a_2'
Circuit sky130_fd_sc_hd__o221a_2 contains 14 device instances.
  Class: sky130_fd_pr__nfet_01v8 instances:   7
  Class: sky130_fd_pr__pfet_01v8_hvt instances:   7
Circuit contains 15 nets.

Circuit sky130_fd_sc_hd__o221a_2 contains no devices.

Contents of circuit 1:  Circuit: 'sky130_fd_sc_hd__nand2_4'
Circuit sky130_fd_sc_hd__nand2_4 contains 0 device instances.
Circuit contains 0 nets, and 7 disconnected pins.
Contents of circuit 2:  Circuit: 'sky130_fd_sc_hd__nand2_4'
Circuit sky130_fd_sc_hd__nand2_4 contains 16 device instances.
  Class: sky130_fd_pr__nfet_01v8 instances:   8
  Class: sky130_fd_pr__pfet_01v8_hvt instances:   8
Circuit contains 8 nets.

Circuit sky130_fd_sc_hd__nand2_4 contains no devices.

Contents of circuit 1:  Circuit: 'sky130_fd_sc_hd__buf_2'
Circuit sky130_fd_sc_hd__buf_2 contains 0 device instances.
Circuit contains 0 nets, and 6 disconnected pins.
Contents of circuit 2:  Circuit: 'sky130_fd_sc_hd__buf_2'
Circuit sky130_fd_sc_hd__buf_2 contains 6 device instances.
  Class: sky130_fd_pr__nfet_01v8 instances:   3
  Class: sky130_fd_pr__pfet_01v8_hvt instances:   3
Circuit contains 7 nets.

Circuit sky130_fd_sc_hd__buf_2 contains no devices.

Contents of circuit 1:  Circuit: 'sky130_fd_sc_hd__and4bb_1'
Circuit sky130_fd_sc_hd__and4bb_1 contains 0 device instances.
Circuit contains 0 nets, and 9 disconnected pins.
Contents of circuit 2:  Circuit: 'sky130_fd_sc_hd__and4bb_1'
Circuit sky130_fd_sc_hd__and4bb_1 contains 14 device instances.
  Class: sky130_fd_pr__nfet_01v8 instances:   7
  Class: sky130_fd_pr__pfet_01v8_hvt instances:   7
Circuit contains 15 nets.

Circuit sky130_fd_sc_hd__and4bb_1 contains no devices.

Contents of circuit 1:  Circuit: 'sky130_fd_sc_hd__a2bb2o_2'
Circuit sky130_fd_sc_hd__a2bb2o_2 contains 0 device instances.
Circuit contains 0 nets, and 9 disconnected pins.
Contents of circuit 2:  Circuit: 'sky130_fd_sc_hd__a2bb2o_2'
Circuit sky130_fd_sc_hd__a2bb2o_2 contains 14 device instances.
  Class: sky130_fd_pr__nfet_01v8 instances:   7
  Class: sky130_fd_pr__pfet_01v8_hvt instances:   7
Circuit contains 14 nets.

Circuit sky130_fd_sc_hd__a2bb2o_2 contains no devices.

Contents of circuit 1:  Circuit: 'sky130_fd_sc_hd__nor2_4'
Circuit sky130_fd_sc_hd__nor2_4 contains 0 device instances.
Circuit contains 0 nets, and 7 disconnected pins.
Contents of circuit 2:  Circuit: 'sky130_fd_sc_hd__nor2_4'
Circuit sky130_fd_sc_hd__nor2_4 contains 16 device instances.
  Class: sky130_fd_pr__nfet_01v8 instances:   8
  Class: sky130_fd_pr__pfet_01v8_hvt instances:   8
Circuit contains 8 nets.

Circuit sky130_fd_sc_hd__nor2_4 contains no devices.

Contents of circuit 1:  Circuit: 'sky130_fd_sc_hd__o2bb2a_1'
Circuit sky130_fd_sc_hd__o2bb2a_1 contains 0 device instances.
Circuit contains 0 nets, and 9 disconnected pins.
Contents of circuit 2:  Circuit: 'sky130_fd_sc_hd__o2bb2a_1'
Circuit sky130_fd_sc_hd__o2bb2a_1 contains 12 device instances.
  Class: sky130_fd_pr__nfet_01v8 instances:   6
  Class: sky130_fd_pr__pfet_01v8_hvt instances:   6
Circuit contains 14 nets.

Circuit sky130_fd_sc_hd__o2bb2a_1 contains no devices.

Contents of circuit 1:  Circuit: 'sky130_fd_sc_hd__o311a_4'
Circuit sky130_fd_sc_hd__o311a_4 contains 0 device instances.
Circuit contains 0 nets, and 10 disconnected pins.
Contents of circuit 2:  Circuit: 'sky130_fd_sc_hd__o311a_4'
Circuit sky130_fd_sc_hd__o311a_4 contains 28 device instances.
  Class: sky130_fd_pr__nfet_01v8 instances:  14
  Class: sky130_fd_pr__pfet_01v8_hvt instances:  14
Circuit contains 15 nets.

Circuit sky130_fd_sc_hd__o311a_4 contains no devices.

Contents of circuit 1:  Circuit: 'sky130_fd_sc_hd__a221oi_1'
Circuit sky130_fd_sc_hd__a221oi_1 contains 0 device instances.
Circuit contains 0 nets, and 10 disconnected pins.
Contents of circuit 2:  Circuit: 'sky130_fd_sc_hd__a221oi_1'
Circuit sky130_fd_sc_hd__a221oi_1 contains 10 device instances.
  Class: sky130_fd_pr__nfet_01v8 instances:   5
  Class: sky130_fd_pr__pfet_01v8_hvt instances:   5
Circuit contains 14 nets.

Circuit sky130_fd_sc_hd__a221oi_1 contains no devices.

Contents of circuit 1:  Circuit: 'sky130_fd_sc_hd__a22oi_1'
Circuit sky130_fd_sc_hd__a22oi_1 contains 0 device instances.
Circuit contains 0 nets, and 9 disconnected pins.
Contents of circuit 2:  Circuit: 'sky130_fd_sc_hd__a22oi_1'
Circuit sky130_fd_sc_hd__a22oi_1 contains 8 device instances.
  Class: sky130_fd_pr__nfet_01v8 instances:   4
  Class: sky130_fd_pr__pfet_01v8_hvt instances:   4
Circuit contains 12 nets.

Circuit sky130_fd_sc_hd__a22oi_1 contains no devices.

Contents of circuit 1:  Circuit: 'sky130_fd_sc_hd__or4_2'
Circuit sky130_fd_sc_hd__or4_2 contains 0 device instances.
Circuit contains 0 nets, and 9 disconnected pins.
Contents of circuit 2:  Circuit: 'sky130_fd_sc_hd__or4_2'
Circuit sky130_fd_sc_hd__or4_2 contains 12 device instances.
  Class: sky130_fd_pr__nfet_01v8 instances:   6
  Class: sky130_fd_pr__pfet_01v8_hvt instances:   6
Circuit contains 13 nets.

Circuit sky130_fd_sc_hd__or4_2 contains no devices.

Contents of circuit 1:  Circuit: 'sky130_fd_sc_hd__nand2_8'
Circuit sky130_fd_sc_hd__nand2_8 contains 0 device instances.
Circuit contains 0 nets, and 7 disconnected pins.
Contents of circuit 2:  Circuit: 'sky130_fd_sc_hd__nand2_8'
Circuit sky130_fd_sc_hd__nand2_8 contains 32 device instances.
  Class: sky130_fd_pr__nfet_01v8 instances:  16
  Class: sky130_fd_pr__pfet_01v8_hvt instances:  16
Circuit contains 8 nets.

Circuit sky130_fd_sc_hd__nand2_8 contains no devices.

Contents of circuit 1:  Circuit: 'sky130_fd_sc_hd__dfxtp_2'
Circuit sky130_fd_sc_hd__dfxtp_2 contains 0 device instances.
Circuit contains 0 nets, and 7 disconnected pins.
Contents of circuit 2:  Circuit: 'sky130_fd_sc_hd__dfxtp_2'
Circuit sky130_fd_sc_hd__dfxtp_2 contains 26 device instances.
  Class: sky130_fd_pr__nfet_01v8 instances:   9
  Class: sky130_fd_pr__pfet_01v8_hvt instances:  13
  Class: sky130_fd_pr__special_nfet_01v8 instances:   4
Circuit contains 18 nets.

Circuit sky130_fd_sc_hd__dfxtp_2 contains no devices.

Contents of circuit 1:  Circuit: 'sky130_fd_sc_hd__and2_2'
Circuit sky130_fd_sc_hd__and2_2 contains 0 device instances.
Circuit contains 0 nets, and 7 disconnected pins.
Contents of circuit 2:  Circuit: 'sky130_fd_sc_hd__and2_2'
Circuit sky130_fd_sc_hd__and2_2 contains 8 device instances.
  Class: sky130_fd_pr__nfet_01v8 instances:   4
  Class: sky130_fd_pr__pfet_01v8_hvt instances:   4
Circuit contains 9 nets.

Circuit sky130_fd_sc_hd__and2_2 contains no devices.

Contents of circuit 1:  Circuit: 'sky130_fd_sc_hd__a311oi_1'
Circuit sky130_fd_sc_hd__a311oi_1 contains 0 device instances.
Circuit contains 0 nets, and 10 disconnected pins.
Contents of circuit 2:  Circuit: 'sky130_fd_sc_hd__a311oi_1'
Circuit sky130_fd_sc_hd__a311oi_1 contains 10 device instances.
  Class: sky130_fd_pr__nfet_01v8 instances:   5
  Class: sky130_fd_pr__pfet_01v8_hvt instances:   5
Circuit contains 14 nets.

Circuit sky130_fd_sc_hd__a311oi_1 contains no devices.

Contents of circuit 1:  Circuit: 'sky130_fd_sc_hd__or3b_4'
Circuit sky130_fd_sc_hd__or3b_4 contains 0 device instances.
Circuit contains 0 nets, and 8 disconnected pins.
Contents of circuit 2:  Circuit: 'sky130_fd_sc_hd__or3b_4'
Circuit sky130_fd_sc_hd__or3b_4 contains 16 device instances.
  Class: sky130_fd_pr__nfet_01v8 instances:   8
  Class: sky130_fd_pr__pfet_01v8_hvt instances:   8
Circuit contains 12 nets.

Circuit sky130_fd_sc_hd__or3b_4 contains no devices.

Contents of circuit 1:  Circuit: 'sky130_fd_sc_hd__o32a_1'
Circuit sky130_fd_sc_hd__o32a_1 contains 0 device instances.
Circuit contains 0 nets, and 10 disconnected pins.
Contents of circuit 2:  Circuit: 'sky130_fd_sc_hd__o32a_1'
Circuit sky130_fd_sc_hd__o32a_1 contains 12 device instances.
  Class: sky130_fd_pr__nfet_01v8 instances:   6
  Class: sky130_fd_pr__pfet_01v8_hvt instances:   6
Circuit contains 15 nets.

Circuit sky130_fd_sc_hd__o32a_1 contains no devices.

Contents of circuit 1:  Circuit: 'sky130_fd_sc_hd__a211oi_4'
Circuit sky130_fd_sc_hd__a211oi_4 contains 0 device instances.
Circuit contains 0 nets, and 9 disconnected pins.
Contents of circuit 2:  Circuit: 'sky130_fd_sc_hd__a211oi_4'
Circuit sky130_fd_sc_hd__a211oi_4 contains 32 device instances.
  Class: sky130_fd_pr__nfet_01v8 instances:  16
  Class: sky130_fd_pr__pfet_01v8_hvt instances:  16
Circuit contains 14 nets.

Circuit sky130_fd_sc_hd__a211oi_4 contains no devices.

Contents of circuit 1:  Circuit: 'sky130_fd_sc_hd__xor2_4'
Circuit sky130_fd_sc_hd__xor2_4 contains 0 device instances.
Circuit contains 0 nets, and 7 disconnected pins.
Contents of circuit 2:  Circuit: 'sky130_fd_sc_hd__xor2_4'
Circuit sky130_fd_sc_hd__xor2_4 contains 40 device instances.
  Class: sky130_fd_pr__nfet_01v8 instances:  20
  Class: sky130_fd_pr__pfet_01v8_hvt instances:  20
Circuit contains 11 nets.

Circuit sky130_fd_sc_hd__xor2_4 contains no devices.

Contents of circuit 1:  Circuit: 'sky130_fd_sc_hd__a21o_2'
Circuit sky130_fd_sc_hd__a21o_2 contains 0 device instances.
Circuit contains 0 nets, and 8 disconnected pins.
Contents of circuit 2:  Circuit: 'sky130_fd_sc_hd__a21o_2'
Circuit sky130_fd_sc_hd__a21o_2 contains 10 device instances.
  Class: sky130_fd_pr__nfet_01v8 instances:   5
  Class: sky130_fd_pr__pfet_01v8_hvt instances:   5
Circuit contains 11 nets.

Circuit sky130_fd_sc_hd__a21o_2 contains no devices.

Contents of circuit 1:  Circuit: 'sky130_fd_sc_hd__a31o_4'
Circuit sky130_fd_sc_hd__a31o_4 contains 0 device instances.
Circuit contains 0 nets, and 9 disconnected pins.
Contents of circuit 2:  Circuit: 'sky130_fd_sc_hd__a31o_4'
Circuit sky130_fd_sc_hd__a31o_4 contains 24 device instances.
  Class: sky130_fd_pr__nfet_01v8 instances:  12
  Class: sky130_fd_pr__pfet_01v8_hvt instances:  12
Circuit contains 15 nets.

Circuit sky130_fd_sc_hd__a31o_4 contains no devices.

Contents of circuit 1:  Circuit: 'sky130_fd_sc_hd__and3b_1'
Circuit sky130_fd_sc_hd__and3b_1 contains 0 device instances.
Circuit contains 0 nets, and 8 disconnected pins.
Contents of circuit 2:  Circuit: 'sky130_fd_sc_hd__and3b_1'
Circuit sky130_fd_sc_hd__and3b_1 contains 10 device instances.
  Class: sky130_fd_pr__nfet_01v8 instances:   5
  Class: sky130_fd_pr__pfet_01v8_hvt instances:   5
Circuit contains 12 nets.

Circuit sky130_fd_sc_hd__and3b_1 contains no devices.

Contents of circuit 1:  Circuit: 'sky130_fd_sc_hd__a31oi_4'
Circuit sky130_fd_sc_hd__a31oi_4 contains 0 device instances.
Circuit contains 0 nets, and 9 disconnected pins.
Contents of circuit 2:  Circuit: 'sky130_fd_sc_hd__a31oi_4'
Circuit sky130_fd_sc_hd__a31oi_4 contains 32 device instances.
  Class: sky130_fd_pr__nfet_01v8 instances:  16
  Class: sky130_fd_pr__pfet_01v8_hvt instances:  16
Circuit contains 12 nets.

Circuit sky130_fd_sc_hd__a31oi_4 contains no devices.

Contents of circuit 1:  Circuit: 'sky130_fd_sc_hd__inv_4'
Circuit sky130_fd_sc_hd__inv_4 contains 0 device instances.
Circuit contains 0 nets, and 6 disconnected pins.
Contents of circuit 2:  Circuit: 'sky130_fd_sc_hd__inv_4'
Circuit sky130_fd_sc_hd__inv_4 contains 8 device instances.
  Class: sky130_fd_pr__nfet_01v8 instances:   4
  Class: sky130_fd_pr__pfet_01v8_hvt instances:   4
Circuit contains 6 nets.

Circuit sky130_fd_sc_hd__inv_4 contains no devices.

Contents of circuit 1:  Circuit: 'sky130_fd_sc_hd__a32o_1'
Circuit sky130_fd_sc_hd__a32o_1 contains 0 device instances.
Circuit contains 0 nets, and 10 disconnected pins.
Contents of circuit 2:  Circuit: 'sky130_fd_sc_hd__a32o_1'
Circuit sky130_fd_sc_hd__a32o_1 contains 12 device instances.
  Class: sky130_fd_pr__nfet_01v8 instances:   6
  Class: sky130_fd_pr__pfet_01v8_hvt instances:   6
Circuit contains 15 nets.

Circuit sky130_fd_sc_hd__a32o_1 contains no devices.

Contents of circuit 1:  Circuit: 'sky130_fd_sc_hd__o21bai_1'
Circuit sky130_fd_sc_hd__o21bai_1 contains 0 device instances.
Circuit contains 0 nets, and 8 disconnected pins.
Contents of circuit 2:  Circuit: 'sky130_fd_sc_hd__o21bai_1'
Circuit sky130_fd_sc_hd__o21bai_1 contains 8 device instances.
  Class: sky130_fd_pr__nfet_01v8 instances:   4
  Class: sky130_fd_pr__pfet_01v8_hvt instances:   4
Circuit contains 11 nets.

Circuit sky130_fd_sc_hd__o21bai_1 contains no devices.

Contents of circuit 1:  Circuit: 'sky130_fd_sc_hd__a221oi_2'
Circuit sky130_fd_sc_hd__a221oi_2 contains 0 device instances.
Circuit contains 0 nets, and 10 disconnected pins.
Contents of circuit 2:  Circuit: 'sky130_fd_sc_hd__a221oi_2'
Circuit sky130_fd_sc_hd__a221oi_2 contains 20 device instances.
  Class: sky130_fd_pr__nfet_01v8 instances:  10
  Class: sky130_fd_pr__pfet_01v8_hvt instances:  10
Circuit contains 14 nets.

Circuit sky130_fd_sc_hd__a221oi_2 contains no devices.

Contents of circuit 1:  Circuit: 'sky130_fd_sc_hd__a221o_2'
Circuit sky130_fd_sc_hd__a221o_2 contains 0 device instances.
Circuit contains 0 nets, and 10 disconnected pins.
Contents of circuit 2:  Circuit: 'sky130_fd_sc_hd__a221o_2'
Circuit sky130_fd_sc_hd__a221o_2 contains 14 device instances.
  Class: sky130_fd_pr__nfet_01v8 instances:   7
  Class: sky130_fd_pr__pfet_01v8_hvt instances:   7
Circuit contains 15 nets.

Circuit sky130_fd_sc_hd__a221o_2 contains no devices.

Contents of circuit 1:  Circuit: 'sky130_fd_sc_hd__a21oi_2'
Circuit sky130_fd_sc_hd__a21oi_2 contains 0 device instances.
Circuit contains 0 nets, and 8 disconnected pins.
Contents of circuit 2:  Circuit: 'sky130_fd_sc_hd__a21oi_2'
Circuit sky130_fd_sc_hd__a21oi_2 contains 12 device instances.
  Class: sky130_fd_pr__nfet_01v8 instances:   6
  Class: sky130_fd_pr__pfet_01v8_hvt instances:   6
Circuit contains 11 nets.

Circuit sky130_fd_sc_hd__a21oi_2 contains no devices.

Contents of circuit 1:  Circuit: 'sky130_fd_sc_hd__o21a_4'
Circuit sky130_fd_sc_hd__o21a_4 contains 0 device instances.
Circuit contains 0 nets, and 8 disconnected pins.
Contents of circuit 2:  Circuit: 'sky130_fd_sc_hd__o21a_4'
Circuit sky130_fd_sc_hd__o21a_4 contains 20 device instances.
  Class: sky130_fd_pr__nfet_01v8 instances:  10
  Class: sky130_fd_pr__pfet_01v8_hvt instances:  10
Circuit contains 12 nets.

Circuit sky130_fd_sc_hd__o21a_4 contains no devices.

Contents of circuit 1:  Circuit: 'sky130_fd_sc_hd__or2_2'
Circuit sky130_fd_sc_hd__or2_2 contains 0 device instances.
Circuit contains 0 nets, and 7 disconnected pins.
Contents of circuit 2:  Circuit: 'sky130_fd_sc_hd__or2_2'
Circuit sky130_fd_sc_hd__or2_2 contains 8 device instances.
  Class: sky130_fd_pr__nfet_01v8 instances:   4
  Class: sky130_fd_pr__pfet_01v8_hvt instances:   4
Circuit contains 9 nets.

Circuit sky130_fd_sc_hd__or2_2 contains no devices.

Contents of circuit 1:  Circuit: 'sky130_fd_sc_hd__o31a_4'
Circuit sky130_fd_sc_hd__o31a_4 contains 0 device instances.
Circuit contains 0 nets, and 9 disconnected pins.
Contents of circuit 2:  Circuit: 'sky130_fd_sc_hd__o31a_4'
Circuit sky130_fd_sc_hd__o31a_4 contains 24 device instances.
  Class: sky130_fd_pr__nfet_01v8 instances:  12
  Class: sky130_fd_pr__pfet_01v8_hvt instances:  12
Circuit contains 13 nets.

Circuit sky130_fd_sc_hd__o31a_4 contains no devices.

Contents of circuit 1:  Circuit: 'sky130_fd_sc_hd__nand2_2'
Circuit sky130_fd_sc_hd__nand2_2 contains 0 device instances.
Circuit contains 0 nets, and 7 disconnected pins.
Contents of circuit 2:  Circuit: 'sky130_fd_sc_hd__nand2_2'
Circuit sky130_fd_sc_hd__nand2_2 contains 8 device instances.
  Class: sky130_fd_pr__nfet_01v8 instances:   4
  Class: sky130_fd_pr__pfet_01v8_hvt instances:   4
Circuit contains 8 nets.

Circuit sky130_fd_sc_hd__nand2_2 contains no devices.

Contents of circuit 1:  Circuit: 'sky130_fd_sc_hd__o21ai_2'
Circuit sky130_fd_sc_hd__o21ai_2 contains 0 device instances.
Circuit contains 0 nets, and 8 disconnected pins.
Contents of circuit 2:  Circuit: 'sky130_fd_sc_hd__o21ai_2'
Circuit sky130_fd_sc_hd__o21ai_2 contains 12 device instances.
  Class: sky130_fd_pr__nfet_01v8 instances:   6
  Class: sky130_fd_pr__pfet_01v8_hvt instances:   6
Circuit contains 10 nets.

Circuit sky130_fd_sc_hd__o21ai_2 contains no devices.

Contents of circuit 1:  Circuit: 'sky130_fd_sc_hd__a21oi_4'
Circuit sky130_fd_sc_hd__a21oi_4 contains 0 device instances.
Circuit contains 0 nets, and 8 disconnected pins.
Contents of circuit 2:  Circuit: 'sky130_fd_sc_hd__a21oi_4'
Circuit sky130_fd_sc_hd__a21oi_4 contains 24 device instances.
  Class: sky130_fd_pr__nfet_01v8 instances:  12
  Class: sky130_fd_pr__pfet_01v8_hvt instances:  12
Circuit contains 10 nets.

Circuit sky130_fd_sc_hd__a21oi_4 contains no devices.

Contents of circuit 1:  Circuit: 'sky130_fd_sc_hd__a211o_2'
Circuit sky130_fd_sc_hd__a211o_2 contains 0 device instances.
Circuit contains 0 nets, and 9 disconnected pins.
Contents of circuit 2:  Circuit: 'sky130_fd_sc_hd__a211o_2'
Circuit sky130_fd_sc_hd__a211o_2 contains 12 device instances.
  Class: sky130_fd_pr__nfet_01v8 instances:   6
  Class: sky130_fd_pr__pfet_01v8_hvt instances:   6
Circuit contains 13 nets.

Circuit sky130_fd_sc_hd__a211o_2 contains no devices.

Contents of circuit 1:  Circuit: 'sky130_fd_sc_hd__o211ai_1'
Circuit sky130_fd_sc_hd__o211ai_1 contains 0 device instances.
Circuit contains 0 nets, and 9 disconnected pins.
Contents of circuit 2:  Circuit: 'sky130_fd_sc_hd__o211ai_1'
Circuit sky130_fd_sc_hd__o211ai_1 contains 8 device instances.
  Class: sky130_fd_pr__nfet_01v8 instances:   4
  Class: sky130_fd_pr__pfet_01v8_hvt instances:   4
Circuit contains 12 nets.

Circuit sky130_fd_sc_hd__o211ai_1 contains no devices.

Contents of circuit 1:  Circuit: 'sky130_fd_sc_hd__a31oi_1'
Circuit sky130_fd_sc_hd__a31oi_1 contains 0 device instances.
Circuit contains 0 nets, and 9 disconnected pins.
Contents of circuit 2:  Circuit: 'sky130_fd_sc_hd__a31oi_1'
Circuit sky130_fd_sc_hd__a31oi_1 contains 8 device instances.
  Class: sky130_fd_pr__nfet_01v8 instances:   4
  Class: sky130_fd_pr__pfet_01v8_hvt instances:   4
Circuit contains 12 nets.

Circuit sky130_fd_sc_hd__a31oi_1 contains no devices.

Contents of circuit 1:  Circuit: 'sky130_fd_sc_hd__o211a_2'
Circuit sky130_fd_sc_hd__o211a_2 contains 0 device instances.
Circuit contains 0 nets, and 9 disconnected pins.
Contents of circuit 2:  Circuit: 'sky130_fd_sc_hd__o211a_2'
Circuit sky130_fd_sc_hd__o211a_2 contains 12 device instances.
  Class: sky130_fd_pr__nfet_01v8 instances:   6
  Class: sky130_fd_pr__pfet_01v8_hvt instances:   6
Circuit contains 13 nets.

Circuit sky130_fd_sc_hd__o211a_2 contains no devices.

Contents of circuit 1:  Circuit: 'sky130_fd_sc_hd__or4b_1'
Circuit sky130_fd_sc_hd__or4b_1 contains 0 device instances.
Circuit contains 0 nets, and 9 disconnected pins.
Contents of circuit 2:  Circuit: 'sky130_fd_sc_hd__or4b_1'
Circuit sky130_fd_sc_hd__or4b_1 contains 12 device instances.
  Class: sky130_fd_pr__nfet_01v8 instances:   6
  Class: sky130_fd_pr__pfet_01v8_hvt instances:   6
Circuit contains 14 nets.

Circuit sky130_fd_sc_hd__or4b_1 contains no devices.

Contents of circuit 1:  Circuit: 'sky130_fd_sc_hd__a2bb2oi_1'
Circuit sky130_fd_sc_hd__a2bb2oi_1 contains 0 device instances.
Circuit contains 0 nets, and 9 disconnected pins.
Contents of circuit 2:  Circuit: 'sky130_fd_sc_hd__a2bb2oi_1'
Circuit sky130_fd_sc_hd__a2bb2oi_1 contains 10 device instances.
  Class: sky130_fd_pr__nfet_01v8 instances:   5
  Class: sky130_fd_pr__pfet_01v8_hvt instances:   5
Circuit contains 13 nets.

Circuit sky130_fd_sc_hd__a2bb2oi_1 contains no devices.

Contents of circuit 1:  Circuit: 'sky130_fd_sc_hd__a2111oi_1'
Circuit sky130_fd_sc_hd__a2111oi_1 contains 0 device instances.
Circuit contains 0 nets, and 10 disconnected pins.
Contents of circuit 2:  Circuit: 'sky130_fd_sc_hd__a2111oi_1'
Circuit sky130_fd_sc_hd__a2111oi_1 contains 10 device instances.
  Class: sky130_fd_pr__nfet_01v8 instances:   5
  Class: sky130_fd_pr__pfet_01v8_hvt instances:   5
Circuit contains 14 nets.

Circuit sky130_fd_sc_hd__a2111oi_1 contains no devices.

Contents of circuit 1:  Circuit: 'sky130_fd_sc_hd__o311a_1'
Circuit sky130_fd_sc_hd__o311a_1 contains 0 device instances.
Circuit contains 0 nets, and 10 disconnected pins.
Contents of circuit 2:  Circuit: 'sky130_fd_sc_hd__o311a_1'
Circuit sky130_fd_sc_hd__o311a_1 contains 12 device instances.
  Class: sky130_fd_pr__nfet_01v8 instances:   6
  Class: sky130_fd_pr__pfet_01v8_hvt instances:   6
Circuit contains 15 nets.

Circuit sky130_fd_sc_hd__o311a_1 contains no devices.

Contents of circuit 1:  Circuit: 'sky130_fd_sc_hd__or3b_1'
Circuit sky130_fd_sc_hd__or3b_1 contains 0 device instances.
Circuit contains 0 nets, and 8 disconnected pins.
Contents of circuit 2:  Circuit: 'sky130_fd_sc_hd__or3b_1'
Circuit sky130_fd_sc_hd__or3b_1 contains 10 device instances.
  Class: sky130_fd_pr__nfet_01v8 instances:   5
  Class: sky130_fd_pr__pfet_01v8_hvt instances:   5
Circuit contains 12 nets.

Circuit sky130_fd_sc_hd__or3b_1 contains no devices.

Contents of circuit 1:  Circuit: 'sky130_fd_sc_hd__a21bo_4'
Circuit sky130_fd_sc_hd__a21bo_4 contains 0 device instances.
Circuit contains 0 nets, and 8 disconnected pins.
Contents of circuit 2:  Circuit: 'sky130_fd_sc_hd__a21bo_4'
Circuit sky130_fd_sc_hd__a21bo_4 contains 22 device instances.
  Class: sky130_fd_pr__nfet_01v8 instances:  11
  Class: sky130_fd_pr__pfet_01v8_hvt instances:  11
Circuit contains 13 nets.

Circuit sky130_fd_sc_hd__a21bo_4 contains no devices.

Contents of circuit 1:  Circuit: 'sky130_fd_sc_hd__nand4_4'
Circuit sky130_fd_sc_hd__nand4_4 contains 0 device instances.
Circuit contains 0 nets, and 9 disconnected pins.
Contents of circuit 2:  Circuit: 'sky130_fd_sc_hd__nand4_4'
Circuit sky130_fd_sc_hd__nand4_4 contains 32 device instances.
  Class: sky130_fd_pr__nfet_01v8 instances:  16
  Class: sky130_fd_pr__pfet_01v8_hvt instances:  16
Circuit contains 12 nets.

Circuit sky130_fd_sc_hd__nand4_4 contains no devices.

Contents of circuit 1:  Circuit: 'sky130_fd_sc_hd__nor2_8'
Circuit sky130_fd_sc_hd__nor2_8 contains 0 device instances.
Circuit contains 0 nets, and 7 disconnected pins.
Contents of circuit 2:  Circuit: 'sky130_fd_sc_hd__nor2_8'
Circuit sky130_fd_sc_hd__nor2_8 contains 32 device instances.
  Class: sky130_fd_pr__nfet_01v8 instances:  16
  Class: sky130_fd_pr__pfet_01v8_hvt instances:  16
Circuit contains 8 nets.

Circuit sky130_fd_sc_hd__nor2_8 contains no devices.

Contents of circuit 1:  Circuit: 'sky130_fd_sc_hd__nor3_4'
Circuit sky130_fd_sc_hd__nor3_4 contains 0 device instances.
Circuit contains 0 nets, and 8 disconnected pins.
Contents of circuit 2:  Circuit: 'sky130_fd_sc_hd__nor3_4'
Circuit sky130_fd_sc_hd__nor3_4 contains 24 device instances.
  Class: sky130_fd_pr__nfet_01v8 instances:  12
  Class: sky130_fd_pr__pfet_01v8_hvt instances:  12
Circuit contains 10 nets.

Circuit sky130_fd_sc_hd__nor3_4 contains no devices.

Contents of circuit 1:  Circuit: 'sky130_fd_sc_hd__o31a_2'
Circuit sky130_fd_sc_hd__o31a_2 contains 0 device instances.
Circuit contains 0 nets, and 9 disconnected pins.
Contents of circuit 2:  Circuit: 'sky130_fd_sc_hd__o31a_2'
Circuit sky130_fd_sc_hd__o31a_2 contains 12 device instances.
  Class: sky130_fd_pr__nfet_01v8 instances:   6
  Class: sky130_fd_pr__pfet_01v8_hvt instances:   6
Circuit contains 13 nets.

Circuit sky130_fd_sc_hd__o31a_2 contains no devices.

Contents of circuit 1:  Circuit: 'sky130_fd_sc_hd__inv_8'
Circuit sky130_fd_sc_hd__inv_8 contains 0 device instances.
Circuit contains 0 nets, and 6 disconnected pins.
Contents of circuit 2:  Circuit: 'sky130_fd_sc_hd__inv_8'
Circuit sky130_fd_sc_hd__inv_8 contains 16 device instances.
  Class: sky130_fd_pr__nfet_01v8 instances:   8
  Class: sky130_fd_pr__pfet_01v8_hvt instances:   8
Circuit contains 6 nets.

Circuit sky130_fd_sc_hd__inv_8 contains no devices.

Contents of circuit 1:  Circuit: 'sky130_fd_sc_hd__or4bb_1'
Circuit sky130_fd_sc_hd__or4bb_1 contains 0 device instances.
Circuit contains 0 nets, and 9 disconnected pins.
Contents of circuit 2:  Circuit: 'sky130_fd_sc_hd__or4bb_1'
Circuit sky130_fd_sc_hd__or4bb_1 contains 14 device instances.
  Class: sky130_fd_pr__nfet_01v8 instances:   7
  Class: sky130_fd_pr__pfet_01v8_hvt instances:   7
Circuit contains 15 nets.

Circuit sky130_fd_sc_hd__or4bb_1 contains no devices.

Contents of circuit 1:  Circuit: 'sky130_fd_sc_hd__mux2_2'
Circuit sky130_fd_sc_hd__mux2_2 contains 0 device instances.
Circuit contains 0 nets, and 8 disconnected pins.
Contents of circuit 2:  Circuit: 'sky130_fd_sc_hd__mux2_2'
Circuit sky130_fd_sc_hd__mux2_2 contains 14 device instances.
  Class: sky130_fd_pr__nfet_01v8 instances:   7
  Class: sky130_fd_pr__pfet_01v8_hvt instances:   7
Circuit contains 14 nets.

Circuit sky130_fd_sc_hd__mux2_2 contains no devices.

Contents of circuit 1:  Circuit: 'sky130_fd_sc_hd__a32o_4'
Circuit sky130_fd_sc_hd__a32o_4 contains 0 device instances.
Circuit contains 0 nets, and 10 disconnected pins.
Contents of circuit 2:  Circuit: 'sky130_fd_sc_hd__a32o_4'
Circuit sky130_fd_sc_hd__a32o_4 contains 28 device instances.
  Class: sky130_fd_pr__nfet_01v8 instances:  14
  Class: sky130_fd_pr__pfet_01v8_hvt instances:  14
Circuit contains 15 nets.

Circuit sky130_fd_sc_hd__a32o_4 contains no devices.

Contents of circuit 1:  Circuit: 'sky130_fd_sc_hd__nand3_4'
Circuit sky130_fd_sc_hd__nand3_4 contains 0 device instances.
Circuit contains 0 nets, and 8 disconnected pins.
Contents of circuit 2:  Circuit: 'sky130_fd_sc_hd__nand3_4'
Circuit sky130_fd_sc_hd__nand3_4 contains 24 device instances.
  Class: sky130_fd_pr__nfet_01v8 instances:  12
  Class: sky130_fd_pr__pfet_01v8_hvt instances:  12
Circuit contains 10 nets.

Circuit sky130_fd_sc_hd__nand3_4 contains no devices.

Contents of circuit 1:  Circuit: 'sky130_fd_sc_hd__a22oi_2'
Circuit sky130_fd_sc_hd__a22oi_2 contains 0 device instances.
Circuit contains 0 nets, and 9 disconnected pins.
Contents of circuit 2:  Circuit: 'sky130_fd_sc_hd__a22oi_2'
Circuit sky130_fd_sc_hd__a22oi_2 contains 16 device instances.
  Class: sky130_fd_pr__nfet_01v8 instances:   8
  Class: sky130_fd_pr__pfet_01v8_hvt instances:   8
Circuit contains 12 nets.

Circuit sky130_fd_sc_hd__a22oi_2 contains no devices.

Contents of circuit 1:  Circuit: 'sky130_fd_sc_hd__nor3b_4'
Circuit sky130_fd_sc_hd__nor3b_4 contains 0 device instances.
Circuit contains 0 nets, and 8 disconnected pins.
Contents of circuit 2:  Circuit: 'sky130_fd_sc_hd__nor3b_4'
Circuit sky130_fd_sc_hd__nor3b_4 contains 26 device instances.
  Class: sky130_fd_pr__nfet_01v8 instances:  13
  Class: sky130_fd_pr__pfet_01v8_hvt instances:  13
Circuit contains 11 nets.

Circuit sky130_fd_sc_hd__nor3b_4 contains no devices.

Contents of circuit 1:  Circuit: 'sky130_fd_sc_hd__or4b_4'
Circuit sky130_fd_sc_hd__or4b_4 contains 0 device instances.
Circuit contains 0 nets, and 9 disconnected pins.
Contents of circuit 2:  Circuit: 'sky130_fd_sc_hd__or4b_4'
Circuit sky130_fd_sc_hd__or4b_4 contains 18 device instances.
  Class: sky130_fd_pr__nfet_01v8 instances:   9
  Class: sky130_fd_pr__pfet_01v8_hvt instances:   9
Circuit contains 14 nets.

Circuit sky130_fd_sc_hd__or4b_4 contains no devices.

Contents of circuit 1:  Circuit: 'sky130_fd_sc_hd__o22ai_2'
Circuit sky130_fd_sc_hd__o22ai_2 contains 0 device instances.
Circuit contains 0 nets, and 9 disconnected pins.
Contents of circuit 2:  Circuit: 'sky130_fd_sc_hd__o22ai_2'
Circuit sky130_fd_sc_hd__o22ai_2 contains 16 device instances.
  Class: sky130_fd_pr__nfet_01v8 instances:   8
  Class: sky130_fd_pr__pfet_01v8_hvt instances:   8
Circuit contains 12 nets.

Circuit sky130_fd_sc_hd__o22ai_2 contains no devices.

Contents of circuit 1:  Circuit: 'sky130_fd_sc_hd__a32oi_4'
Circuit sky130_fd_sc_hd__a32oi_4 contains 0 device instances.
Circuit contains 0 nets, and 10 disconnected pins.
Contents of circuit 2:  Circuit: 'sky130_fd_sc_hd__a32oi_4'
Circuit sky130_fd_sc_hd__a32oi_4 contains 40 device instances.
  Class: sky130_fd_pr__nfet_01v8 instances:  20
  Class: sky130_fd_pr__pfet_01v8_hvt instances:  20
Circuit contains 14 nets.

Circuit sky130_fd_sc_hd__a32oi_4 contains no devices.

Contents of circuit 1:  Circuit: 'sky130_fd_sc_hd__conb_1'
Circuit sky130_fd_sc_hd__conb_1 contains 0 device instances.
Circuit contains 0 nets, and 6 disconnected pins.
Contents of circuit 2:  Circuit: 'sky130_fd_sc_hd__conb_1'
Circuit sky130_fd_sc_hd__conb_1 contains 2 device instances.
  Class: sky130_fd_pr__res_generic_po instances:   2
Circuit contains 4 nets, and 2 disconnected pins.

Circuit sky130_fd_sc_hd__conb_1 contains no devices.

Contents of circuit 1:  Circuit: 'sky130_fd_sc_hd__o31ai_4'
Circuit sky130_fd_sc_hd__o31ai_4 contains 0 device instances.
Circuit contains 0 nets, and 9 disconnected pins.
Contents of circuit 2:  Circuit: 'sky130_fd_sc_hd__o31ai_4'
Circuit sky130_fd_sc_hd__o31ai_4 contains 32 device instances.
  Class: sky130_fd_pr__nfet_01v8 instances:  16
  Class: sky130_fd_pr__pfet_01v8_hvt instances:  16
Circuit contains 12 nets.

Circuit sky130_fd_sc_hd__o31ai_4 contains no devices.

Contents of circuit 1:  Circuit: 'sky130_fd_sc_hd__or4_1'
Circuit sky130_fd_sc_hd__or4_1 contains 0 device instances.
Circuit contains 0 nets, and 9 disconnected pins.
Contents of circuit 2:  Circuit: 'sky130_fd_sc_hd__or4_1'
Circuit sky130_fd_sc_hd__or4_1 contains 10 device instances.
  Class: sky130_fd_pr__nfet_01v8 instances:   5
  Class: sky130_fd_pr__pfet_01v8_hvt instances:   5
Circuit contains 13 nets.

Circuit sky130_fd_sc_hd__or4_1 contains no devices.

Contents of circuit 1:  Circuit: 'sky130_fd_sc_hd__or3_2'
Circuit sky130_fd_sc_hd__or3_2 contains 0 device instances.
Circuit contains 0 nets, and 8 disconnected pins.
Contents of circuit 2:  Circuit: 'sky130_fd_sc_hd__or3_2'
Circuit sky130_fd_sc_hd__or3_2 contains 10 device instances.
  Class: sky130_fd_pr__nfet_01v8 instances:   5
  Class: sky130_fd_pr__pfet_01v8_hvt instances:   5
Circuit contains 11 nets.

Circuit sky130_fd_sc_hd__or3_2 contains no devices.

Contents of circuit 1:  Circuit: 'sky130_fd_sc_hd__a211oi_2'
Circuit sky130_fd_sc_hd__a211oi_2 contains 0 device instances.
Circuit contains 0 nets, and 9 disconnected pins.
Contents of circuit 2:  Circuit: 'sky130_fd_sc_hd__a211oi_2'
Circuit sky130_fd_sc_hd__a211oi_2 contains 16 device instances.
  Class: sky130_fd_pr__nfet_01v8 instances:   8
  Class: sky130_fd_pr__pfet_01v8_hvt instances:   8
Circuit contains 12 nets.

Circuit sky130_fd_sc_hd__a211oi_2 contains no devices.

Contents of circuit 1:  Circuit: 'sky130_fd_sc_hd__mux2_8'
Circuit sky130_fd_sc_hd__mux2_8 contains 0 device instances.
Circuit contains 0 nets, and 8 disconnected pins.
Contents of circuit 2:  Circuit: 'sky130_fd_sc_hd__mux2_8'
Circuit sky130_fd_sc_hd__mux2_8 contains 34 device instances.
  Class: sky130_fd_pr__nfet_01v8 instances:  17
  Class: sky130_fd_pr__pfet_01v8_hvt instances:  17
Circuit contains 14 nets.

Circuit sky130_fd_sc_hd__mux2_8 contains no devices.

Contents of circuit 1:  Circuit: 'sky130_fd_sc_hd__inv_12'
Circuit sky130_fd_sc_hd__inv_12 contains 0 device instances.
Circuit contains 0 nets, and 6 disconnected pins.
Contents of circuit 2:  Circuit: 'sky130_fd_sc_hd__inv_12'
Circuit sky130_fd_sc_hd__inv_12 contains 24 device instances.
  Class: sky130_fd_pr__nfet_01v8 instances:  12
  Class: sky130_fd_pr__pfet_01v8_hvt instances:  12
Circuit contains 6 nets.

Circuit sky130_fd_sc_hd__inv_12 contains no devices.

Contents of circuit 1:  Circuit: 'sky130_fd_sc_hd__a311o_4'
Circuit sky130_fd_sc_hd__a311o_4 contains 0 device instances.
Circuit contains 0 nets, and 10 disconnected pins.
Contents of circuit 2:  Circuit: 'sky130_fd_sc_hd__a311o_4'
Circuit sky130_fd_sc_hd__a311o_4 contains 28 device instances.
  Class: sky130_fd_pr__nfet_01v8 instances:  14
  Class: sky130_fd_pr__pfet_01v8_hvt instances:  14
Circuit contains 15 nets.

Circuit sky130_fd_sc_hd__a311o_4 contains no devices.

Contents of circuit 1:  Circuit: 'sky130_fd_sc_hd__and4b_1'
Circuit sky130_fd_sc_hd__and4b_1 contains 0 device instances.
Circuit contains 0 nets, and 9 disconnected pins.
Contents of circuit 2:  Circuit: 'sky130_fd_sc_hd__and4b_1'
Circuit sky130_fd_sc_hd__and4b_1 contains 12 device instances.
  Class: sky130_fd_pr__nfet_01v8 instances:   6
  Class: sky130_fd_pr__pfet_01v8_hvt instances:   6
Circuit contains 14 nets.

Circuit sky130_fd_sc_hd__and4b_1 contains no devices.

Contents of circuit 1:  Circuit: 'sky130_fd_sc_hd__and4_2'
Circuit sky130_fd_sc_hd__and4_2 contains 0 device instances.
Circuit contains 0 nets, and 9 disconnected pins.
Contents of circuit 2:  Circuit: 'sky130_fd_sc_hd__and4_2'
Circuit sky130_fd_sc_hd__and4_2 contains 12 device instances.
  Class: sky130_fd_pr__nfet_01v8 instances:   6
  Class: sky130_fd_pr__pfet_01v8_hvt instances:   6
Circuit contains 13 nets.

Circuit sky130_fd_sc_hd__and4_2 contains no devices.

Contents of circuit 1:  Circuit: 'sky130_fd_sc_hd__nand3b_2'
Circuit sky130_fd_sc_hd__nand3b_2 contains 0 device instances.
Circuit contains 0 nets, and 8 disconnected pins.
Contents of circuit 2:  Circuit: 'sky130_fd_sc_hd__nand3b_2'
Circuit sky130_fd_sc_hd__nand3b_2 contains 14 device instances.
  Class: sky130_fd_pr__nfet_01v8 instances:   7
  Class: sky130_fd_pr__pfet_01v8_hvt instances:   7
Circuit contains 11 nets.

Circuit sky130_fd_sc_hd__nand3b_2 contains no devices.

Contents of circuit 1:  Circuit: 'sky130_fd_sc_hd__a21boi_4'
Circuit sky130_fd_sc_hd__a21boi_4 contains 0 device instances.
Circuit contains 0 nets, and 8 disconnected pins.
Contents of circuit 2:  Circuit: 'sky130_fd_sc_hd__a21boi_4'
Circuit sky130_fd_sc_hd__a21boi_4 contains 26 device instances.
  Class: sky130_fd_pr__nfet_01v8 instances:  13
  Class: sky130_fd_pr__pfet_01v8_hvt instances:  13
Circuit contains 11 nets.

Circuit sky130_fd_sc_hd__a21boi_4 contains no devices.

Contents of circuit 1:  Circuit: 'sky130_fd_sc_hd__a21o_4'
Circuit sky130_fd_sc_hd__a21o_4 contains 0 device instances.
Circuit contains 0 nets, and 8 disconnected pins.
Contents of circuit 2:  Circuit: 'sky130_fd_sc_hd__a21o_4'
Circuit sky130_fd_sc_hd__a21o_4 contains 20 device instances.
  Class: sky130_fd_pr__nfet_01v8 instances:  10
  Class: sky130_fd_pr__pfet_01v8_hvt instances:  10
Circuit contains 12 nets.

Circuit sky130_fd_sc_hd__a21o_4 contains no devices.

Contents of circuit 1:  Circuit: 'sky130_fd_sc_hd__o22ai_1'
Circuit sky130_fd_sc_hd__o22ai_1 contains 0 device instances.
Circuit contains 0 nets, and 9 disconnected pins.
Contents of circuit 2:  Circuit: 'sky130_fd_sc_hd__o22ai_1'
Circuit sky130_fd_sc_hd__o22ai_1 contains 8 device instances.
  Class: sky130_fd_pr__nfet_01v8 instances:   4
  Class: sky130_fd_pr__pfet_01v8_hvt instances:   4
Circuit contains 12 nets.

Circuit sky130_fd_sc_hd__o22ai_1 contains no devices.

Contents of circuit 1:  Circuit: 'sky130_fd_sc_hd__o21bai_2'
Circuit sky130_fd_sc_hd__o21bai_2 contains 0 device instances.
Circuit contains 0 nets, and 8 disconnected pins.
Contents of circuit 2:  Circuit: 'sky130_fd_sc_hd__o21bai_2'
Circuit sky130_fd_sc_hd__o21bai_2 contains 14 device instances.
  Class: sky130_fd_pr__nfet_01v8 instances:   7
  Class: sky130_fd_pr__pfet_01v8_hvt instances:   7
Circuit contains 11 nets.

Circuit sky130_fd_sc_hd__o21bai_2 contains no devices.

Contents of circuit 1:  Circuit: 'sky130_fd_sc_hd__o21ba_2'
Circuit sky130_fd_sc_hd__o21ba_2 contains 0 device instances.
Circuit contains 0 nets, and 8 disconnected pins.
Contents of circuit 2:  Circuit: 'sky130_fd_sc_hd__o21ba_2'
Circuit sky130_fd_sc_hd__o21ba_2 contains 12 device instances.
  Class: sky130_fd_pr__nfet_01v8 instances:   6
  Class: sky130_fd_pr__pfet_01v8_hvt instances:   6
Circuit contains 12 nets.

Circuit sky130_fd_sc_hd__o21ba_2 contains no devices.

Contents of circuit 1:  Circuit: 'sky130_fd_sc_hd__o211a_4'
Circuit sky130_fd_sc_hd__o211a_4 contains 0 device instances.
Circuit contains 0 nets, and 9 disconnected pins.
Contents of circuit 2:  Circuit: 'sky130_fd_sc_hd__o211a_4'
Circuit sky130_fd_sc_hd__o211a_4 contains 24 device instances.
  Class: sky130_fd_pr__nfet_01v8 instances:  12
  Class: sky130_fd_pr__pfet_01v8_hvt instances:  12
Circuit contains 15 nets.

Circuit sky130_fd_sc_hd__o211a_4 contains no devices.

Contents of circuit 1:  Circuit: 'sky130_fd_sc_hd__o221ai_4'
Circuit sky130_fd_sc_hd__o221ai_4 contains 0 device instances.
Circuit contains 0 nets, and 10 disconnected pins.
Contents of circuit 2:  Circuit: 'sky130_fd_sc_hd__o221ai_4'
Circuit sky130_fd_sc_hd__o221ai_4 contains 40 device instances.
  Class: sky130_fd_pr__nfet_01v8 instances:  20
  Class: sky130_fd_pr__pfet_01v8_hvt instances:  20
Circuit contains 14 nets.

Circuit sky130_fd_sc_hd__o221ai_4 contains no devices.

Contents of circuit 1:  Circuit: 'sky130_fd_sc_hd__and2b_4'
Circuit sky130_fd_sc_hd__and2b_4 contains 0 device instances.
Circuit contains 0 nets, and 7 disconnected pins.
Contents of circuit 2:  Circuit: 'sky130_fd_sc_hd__and2b_4'
Circuit sky130_fd_sc_hd__and2b_4 contains 14 device instances.
  Class: sky130_fd_pr__nfet_01v8 instances:   7
  Class: sky130_fd_pr__pfet_01v8_hvt instances:   7
Circuit contains 10 nets.

Circuit sky130_fd_sc_hd__and2b_4 contains no devices.

Contents of circuit 1:  Circuit: 'sky130_fd_sc_hd__clkinv_8'
Circuit sky130_fd_sc_hd__clkinv_8 contains 0 device instances.
Circuit contains 0 nets, and 6 disconnected pins.
Contents of circuit 2:  Circuit: 'sky130_fd_sc_hd__clkinv_8'
Circuit sky130_fd_sc_hd__clkinv_8 contains 20 device instances.
  Class: sky130_fd_pr__nfet_01v8 instances:   8
  Class: sky130_fd_pr__pfet_01v8_hvt instances:  12
Circuit contains 6 nets.

Circuit sky130_fd_sc_hd__clkinv_8 contains no devices.

Contents of circuit 1:  Circuit: 'sky130_fd_sc_hd__o21a_2'
Circuit sky130_fd_sc_hd__o21a_2 contains 0 device instances.
Circuit contains 0 nets, and 8 disconnected pins.
Contents of circuit 2:  Circuit: 'sky130_fd_sc_hd__o21a_2'
Circuit sky130_fd_sc_hd__o21a_2 contains 10 device instances.
  Class: sky130_fd_pr__nfet_01v8 instances:   5
  Class: sky130_fd_pr__pfet_01v8_hvt instances:   5
Circuit contains 11 nets.

Circuit sky130_fd_sc_hd__o21a_2 contains no devices.

Contents of circuit 1:  Circuit: 'sky130_fd_sc_hd__a311oi_4'
Circuit sky130_fd_sc_hd__a311oi_4 contains 0 device instances.
Circuit contains 0 nets, and 10 disconnected pins.
Contents of circuit 2:  Circuit: 'sky130_fd_sc_hd__a311oi_4'
Circuit sky130_fd_sc_hd__a311oi_4 contains 40 device instances.
  Class: sky130_fd_pr__nfet_01v8 instances:  20
  Class: sky130_fd_pr__pfet_01v8_hvt instances:  20
Circuit contains 14 nets.

Circuit sky130_fd_sc_hd__a311oi_4 contains no devices.

Contents of circuit 1:  Circuit: 'sky130_fd_sc_hd__a221o_4'
Circuit sky130_fd_sc_hd__a221o_4 contains 0 device instances.
Circuit contains 0 nets, and 10 disconnected pins.
Contents of circuit 2:  Circuit: 'sky130_fd_sc_hd__a221o_4'
Circuit sky130_fd_sc_hd__a221o_4 contains 28 device instances.
  Class: sky130_fd_pr__nfet_01v8 instances:  14
  Class: sky130_fd_pr__pfet_01v8_hvt instances:  14
Circuit contains 15 nets.

Circuit sky130_fd_sc_hd__a221o_4 contains no devices.

Contents of circuit 1:  Circuit: 'sky130_fd_sc_hd__nand3b_4'
Circuit sky130_fd_sc_hd__nand3b_4 contains 0 device instances.
Circuit contains 0 nets, and 8 disconnected pins.
Contents of circuit 2:  Circuit: 'sky130_fd_sc_hd__nand3b_4'
Circuit sky130_fd_sc_hd__nand3b_4 contains 26 device instances.
  Class: sky130_fd_pr__nfet_01v8 instances:  13
  Class: sky130_fd_pr__pfet_01v8_hvt instances:  13
Circuit contains 11 nets.

Circuit sky130_fd_sc_hd__nand3b_4 contains no devices.

Contents of circuit 1:  Circuit: 'sky130_fd_sc_hd__and3b_4'
Circuit sky130_fd_sc_hd__and3b_4 contains 0 device instances.
Circuit contains 0 nets, and 8 disconnected pins.
Contents of circuit 2:  Circuit: 'sky130_fd_sc_hd__and3b_4'
Circuit sky130_fd_sc_hd__and3b_4 contains 16 device instances.
  Class: sky130_fd_pr__nfet_01v8 instances:   8
  Class: sky130_fd_pr__pfet_01v8_hvt instances:   8
Circuit contains 12 nets.

Circuit sky130_fd_sc_hd__and3b_4 contains no devices.

Contents of circuit 1:  Circuit: 'sky130_fd_sc_hd__o32a_2'
Circuit sky130_fd_sc_hd__o32a_2 contains 0 device instances.
Circuit contains 0 nets, and 10 disconnected pins.
Contents of circuit 2:  Circuit: 'sky130_fd_sc_hd__o32a_2'
Circuit sky130_fd_sc_hd__o32a_2 contains 14 device instances.
  Class: sky130_fd_pr__nfet_01v8 instances:   7
  Class: sky130_fd_pr__pfet_01v8_hvt instances:   7
Circuit contains 15 nets.

Circuit sky130_fd_sc_hd__o32a_2 contains no devices.

Contents of circuit 1:  Circuit: 'sky130_fd_sc_hd__o2bb2ai_1'
Circuit sky130_fd_sc_hd__o2bb2ai_1 contains 0 device instances.
Circuit contains 0 nets, and 9 disconnected pins.
Contents of circuit 2:  Circuit: 'sky130_fd_sc_hd__o2bb2ai_1'
Circuit sky130_fd_sc_hd__o2bb2ai_1 contains 10 device instances.
  Class: sky130_fd_pr__nfet_01v8 instances:   5
  Class: sky130_fd_pr__pfet_01v8_hvt instances:   5
Circuit contains 13 nets.

Circuit sky130_fd_sc_hd__o2bb2ai_1 contains no devices.

Contents of circuit 1:  Circuit: 'sky130_fd_sc_hd__nand2b_2'
Circuit sky130_fd_sc_hd__nand2b_2 contains 0 device instances.
Circuit contains 0 nets, and 7 disconnected pins.
Contents of circuit 2:  Circuit: 'sky130_fd_sc_hd__nand2b_2'
Circuit sky130_fd_sc_hd__nand2b_2 contains 10 device instances.
  Class: sky130_fd_pr__nfet_01v8 instances:   5
  Class: sky130_fd_pr__pfet_01v8_hvt instances:   5
Circuit contains 9 nets.

Circuit sky130_fd_sc_hd__nand2b_2 contains no devices.

Contents of circuit 1:  Circuit: 'sky130_fd_sc_hd__buf_1'
Circuit sky130_fd_sc_hd__buf_1 contains 0 device instances.
Circuit contains 0 nets, and 6 disconnected pins.
Contents of circuit 2:  Circuit: 'sky130_fd_sc_hd__buf_1'
Circuit sky130_fd_sc_hd__buf_1 contains 4 device instances.
  Class: sky130_fd_pr__nfet_01v8 instances:   2
  Class: sky130_fd_pr__pfet_01v8_hvt instances:   2
Circuit contains 7 nets.

Circuit sky130_fd_sc_hd__buf_1 contains no devices.

Contents of circuit 1:  Circuit: 'sky130_fd_sc_hd__a22o_4'
Circuit sky130_fd_sc_hd__a22o_4 contains 0 device instances.
Circuit contains 0 nets, and 9 disconnected pins.
Contents of circuit 2:  Circuit: 'sky130_fd_sc_hd__a22o_4'
Circuit sky130_fd_sc_hd__a22o_4 contains 24 device instances.
  Class: sky130_fd_pr__nfet_01v8 instances:  12
  Class: sky130_fd_pr__pfet_01v8_hvt instances:  12
Circuit contains 13 nets.

Circuit sky130_fd_sc_hd__a22o_4 contains no devices.

Contents of circuit 1:  Circuit: 'sky130_fd_sc_hd__and3_4'
Circuit sky130_fd_sc_hd__and3_4 contains 0 device instances.
Circuit contains 0 nets, and 8 disconnected pins.
Contents of circuit 2:  Circuit: 'sky130_fd_sc_hd__and3_4'
Circuit sky130_fd_sc_hd__and3_4 contains 14 device instances.
  Class: sky130_fd_pr__nfet_01v8 instances:   7
  Class: sky130_fd_pr__pfet_01v8_hvt instances:   7
Circuit contains 11 nets.

Circuit sky130_fd_sc_hd__and3_4 contains no devices.

Contents of circuit 1:  Circuit: 'sky130_fd_sc_hd__nor4_4'
Circuit sky130_fd_sc_hd__nor4_4 contains 0 device instances.
Circuit contains 0 nets, and 9 disconnected pins.
Contents of circuit 2:  Circuit: 'sky130_fd_sc_hd__nor4_4'
Circuit sky130_fd_sc_hd__nor4_4 contains 32 device instances.
  Class: sky130_fd_pr__nfet_01v8 instances:  16
  Class: sky130_fd_pr__pfet_01v8_hvt instances:  16
Circuit contains 12 nets.

Circuit sky130_fd_sc_hd__nor4_4 contains no devices.

Contents of circuit 1:  Circuit: 'sky130_fd_sc_hd__a31o_2'
Circuit sky130_fd_sc_hd__a31o_2 contains 0 device instances.
Circuit contains 0 nets, and 9 disconnected pins.
Contents of circuit 2:  Circuit: 'sky130_fd_sc_hd__a31o_2'
Circuit sky130_fd_sc_hd__a31o_2 contains 12 device instances.
  Class: sky130_fd_pr__nfet_01v8 instances:   6
  Class: sky130_fd_pr__pfet_01v8_hvt instances:   6
Circuit contains 13 nets.

Circuit sky130_fd_sc_hd__a31o_2 contains no devices.

Contents of circuit 1:  Circuit: 'sky130_fd_sc_hd__a32o_2'
Circuit sky130_fd_sc_hd__a32o_2 contains 0 device instances.
Circuit contains 0 nets, and 10 disconnected pins.
Contents of circuit 2:  Circuit: 'sky130_fd_sc_hd__a32o_2'
Circuit sky130_fd_sc_hd__a32o_2 contains 14 device instances.
  Class: sky130_fd_pr__nfet_01v8 instances:   7
  Class: sky130_fd_pr__pfet_01v8_hvt instances:   7
Circuit contains 15 nets.

Circuit sky130_fd_sc_hd__a32o_2 contains no devices.

Contents of circuit 1:  Circuit: 'sky130_fd_sc_hd__a22oi_4'
Circuit sky130_fd_sc_hd__a22oi_4 contains 0 device instances.
Circuit contains 0 nets, and 9 disconnected pins.
Contents of circuit 2:  Circuit: 'sky130_fd_sc_hd__a22oi_4'
Circuit sky130_fd_sc_hd__a22oi_4 contains 32 device instances.
  Class: sky130_fd_pr__nfet_01v8 instances:  16
  Class: sky130_fd_pr__pfet_01v8_hvt instances:  16
Circuit contains 12 nets.

Circuit sky130_fd_sc_hd__a22oi_4 contains no devices.

Contents of circuit 1:  Circuit: 'sky130_fd_sc_hd__o221ai_2'
Circuit sky130_fd_sc_hd__o221ai_2 contains 0 device instances.
Circuit contains 0 nets, and 10 disconnected pins.
Contents of circuit 2:  Circuit: 'sky130_fd_sc_hd__o221ai_2'
Circuit sky130_fd_sc_hd__o221ai_2 contains 20 device instances.
  Class: sky130_fd_pr__nfet_01v8 instances:  10
  Class: sky130_fd_pr__pfet_01v8_hvt instances:  10
Circuit contains 14 nets.

Circuit sky130_fd_sc_hd__o221ai_2 contains no devices.

Contents of circuit 1:  Circuit: 'sky130_fd_sc_hd__nand3b_1'
Circuit sky130_fd_sc_hd__nand3b_1 contains 0 device instances.
Circuit contains 0 nets, and 8 disconnected pins.
Contents of circuit 2:  Circuit: 'sky130_fd_sc_hd__nand3b_1'
Circuit sky130_fd_sc_hd__nand3b_1 contains 8 device instances.
  Class: sky130_fd_pr__nfet_01v8 instances:   4
  Class: sky130_fd_pr__pfet_01v8_hvt instances:   4
Circuit contains 11 nets.

Circuit sky130_fd_sc_hd__nand3b_1 contains no devices.

Contents of circuit 1:  Circuit: 'sky130_fd_sc_hd__and3_2'
Circuit sky130_fd_sc_hd__and3_2 contains 0 device instances.
Circuit contains 0 nets, and 8 disconnected pins.
Contents of circuit 2:  Circuit: 'sky130_fd_sc_hd__and3_2'
Circuit sky130_fd_sc_hd__and3_2 contains 10 device instances.
  Class: sky130_fd_pr__nfet_01v8 instances:   5
  Class: sky130_fd_pr__pfet_01v8_hvt instances:   5
Circuit contains 11 nets.

Circuit sky130_fd_sc_hd__and3_2 contains no devices.

Contents of circuit 1:  Circuit: 'sky130_fd_sc_hd__nand3_2'
Circuit sky130_fd_sc_hd__nand3_2 contains 0 device instances.
Circuit contains 0 nets, and 8 disconnected pins.
Contents of circuit 2:  Circuit: 'sky130_fd_sc_hd__nand3_2'
Circuit sky130_fd_sc_hd__nand3_2 contains 12 device instances.
  Class: sky130_fd_pr__nfet_01v8 instances:   6
  Class: sky130_fd_pr__pfet_01v8_hvt instances:   6
Circuit contains 10 nets.

Circuit sky130_fd_sc_hd__nand3_2 contains no devices.

Contents of circuit 1:  Circuit: 'sky130_fd_sc_hd__a41o_1'
Circuit sky130_fd_sc_hd__a41o_1 contains 0 device instances.
Circuit contains 0 nets, and 10 disconnected pins.
Contents of circuit 2:  Circuit: 'sky130_fd_sc_hd__a41o_1'
Circuit sky130_fd_sc_hd__a41o_1 contains 12 device instances.
  Class: sky130_fd_pr__nfet_01v8 instances:   6
  Class: sky130_fd_pr__pfet_01v8_hvt instances:   6
Circuit contains 15 nets.

Circuit sky130_fd_sc_hd__a41o_1 contains no devices.

Contents of circuit 1:  Circuit: 'sky130_fd_sc_hd__o22a_2'
Circuit sky130_fd_sc_hd__o22a_2 contains 0 device instances.
Circuit contains 0 nets, and 9 disconnected pins.
Contents of circuit 2:  Circuit: 'sky130_fd_sc_hd__o22a_2'
Circuit sky130_fd_sc_hd__o22a_2 contains 12 device instances.
  Class: sky130_fd_pr__nfet_01v8 instances:   6
  Class: sky130_fd_pr__pfet_01v8_hvt instances:   6
Circuit contains 13 nets.

Circuit sky130_fd_sc_hd__o22a_2 contains no devices.

Contents of circuit 1:  Circuit: 'sky130_fd_sc_hd__inv_16'
Circuit sky130_fd_sc_hd__inv_16 contains 0 device instances.
Circuit contains 0 nets, and 6 disconnected pins.
Contents of circuit 2:  Circuit: 'sky130_fd_sc_hd__inv_16'
Circuit sky130_fd_sc_hd__inv_16 contains 32 device instances.
  Class: sky130_fd_pr__nfet_01v8 instances:  16
  Class: sky130_fd_pr__pfet_01v8_hvt instances:  16
Circuit contains 6 nets.

Circuit sky130_fd_sc_hd__inv_16 contains no devices.

Contents of circuit 1:  Circuit: 'sky130_fd_sc_hd__nor3b_1'
Circuit sky130_fd_sc_hd__nor3b_1 contains 0 device instances.
Circuit contains 0 nets, and 8 disconnected pins.
Contents of circuit 2:  Circuit: 'sky130_fd_sc_hd__nor3b_1'
Circuit sky130_fd_sc_hd__nor3b_1 contains 8 device instances.
  Class: sky130_fd_pr__nfet_01v8 instances:   4
  Class: sky130_fd_pr__pfet_01v8_hvt instances:   4
Circuit contains 11 nets.

Circuit sky130_fd_sc_hd__nor3b_1 contains no devices.

Contents of circuit 1:  Circuit: 'sky130_fd_sc_hd__or4_4'
Circuit sky130_fd_sc_hd__or4_4 contains 0 device instances.
Circuit contains 0 nets, and 9 disconnected pins.
Contents of circuit 2:  Circuit: 'sky130_fd_sc_hd__or4_4'
Circuit sky130_fd_sc_hd__or4_4 contains 16 device instances.
  Class: sky130_fd_pr__nfet_01v8 instances:   8
  Class: sky130_fd_pr__pfet_01v8_hvt instances:   8
Circuit contains 13 nets.

Circuit sky130_fd_sc_hd__or4_4 contains no devices.

Contents of circuit 1:  Circuit: 'sky130_fd_sc_hd__o221ai_1'
Circuit sky130_fd_sc_hd__o221ai_1 contains 0 device instances.
Circuit contains 0 nets, and 10 disconnected pins.
Contents of circuit 2:  Circuit: 'sky130_fd_sc_hd__o221ai_1'
Circuit sky130_fd_sc_hd__o221ai_1 contains 10 device instances.
  Class: sky130_fd_pr__nfet_01v8 instances:   5
  Class: sky130_fd_pr__pfet_01v8_hvt instances:   5
Circuit contains 14 nets.

Circuit sky130_fd_sc_hd__o221ai_1 contains no devices.

Contents of circuit 1:  Circuit: 'sky130_fd_sc_hd__a221oi_4'
Circuit sky130_fd_sc_hd__a221oi_4 contains 0 device instances.
Circuit contains 0 nets, and 10 disconnected pins.
Contents of circuit 2:  Circuit: 'sky130_fd_sc_hd__a221oi_4'
Circuit sky130_fd_sc_hd__a221oi_4 contains 40 device instances.
  Class: sky130_fd_pr__nfet_01v8 instances:  20
  Class: sky130_fd_pr__pfet_01v8_hvt instances:  20
Circuit contains 14 nets.

Circuit sky130_fd_sc_hd__a221oi_4 contains no devices.

Contents of circuit 1:  Circuit: 'sky130_fd_sc_hd__and2b_2'
Circuit sky130_fd_sc_hd__and2b_2 contains 0 device instances.
Circuit contains 0 nets, and 7 disconnected pins.
Contents of circuit 2:  Circuit: 'sky130_fd_sc_hd__and2b_2'
Circuit sky130_fd_sc_hd__and2b_2 contains 10 device instances.
  Class: sky130_fd_pr__nfet_01v8 instances:   5
  Class: sky130_fd_pr__pfet_01v8_hvt instances:   5
Circuit contains 10 nets.

Circuit sky130_fd_sc_hd__and2b_2 contains no devices.

Contents of circuit 1:  Circuit: 'sky130_fd_sc_hd__mux2_4'
Circuit sky130_fd_sc_hd__mux2_4 contains 0 device instances.
Circuit contains 0 nets, and 8 disconnected pins.
Contents of circuit 2:  Circuit: 'sky130_fd_sc_hd__mux2_4'
Circuit sky130_fd_sc_hd__mux2_4 contains 18 device instances.
  Class: sky130_fd_pr__nfet_01v8 instances:   9
  Class: sky130_fd_pr__pfet_01v8_hvt instances:   9
Circuit contains 14 nets.

Circuit sky130_fd_sc_hd__mux2_4 contains no devices.

Contents of circuit 1:  Circuit: 'sky130_fd_sc_hd__o2bb2a_2'
Circuit sky130_fd_sc_hd__o2bb2a_2 contains 0 device instances.
Circuit contains 0 nets, and 9 disconnected pins.
Contents of circuit 2:  Circuit: 'sky130_fd_sc_hd__o2bb2a_2'
Circuit sky130_fd_sc_hd__o2bb2a_2 contains 14 device instances.
  Class: sky130_fd_pr__nfet_01v8 instances:   7
  Class: sky130_fd_pr__pfet_01v8_hvt instances:   7
Circuit contains 14 nets.

Circuit sky130_fd_sc_hd__o2bb2a_2 contains no devices.

Contents of circuit 1:  Circuit: 'sky130_fd_sc_hd__a2111o_1'
Circuit sky130_fd_sc_hd__a2111o_1 contains 0 device instances.
Circuit contains 0 nets, and 10 disconnected pins.
Contents of circuit 2:  Circuit: 'sky130_fd_sc_hd__a2111o_1'
Circuit sky130_fd_sc_hd__a2111o_1 contains 12 device instances.
  Class: sky130_fd_pr__nfet_01v8 instances:   6
  Class: sky130_fd_pr__pfet_01v8_hvt instances:   6
Circuit contains 15 nets.

Circuit sky130_fd_sc_hd__a2111o_1 contains no devices.

Contents of circuit 1:  Circuit: 'sky130_fd_sc_hd__o211ai_4'
Circuit sky130_fd_sc_hd__o211ai_4 contains 0 device instances.
Circuit contains 0 nets, and 9 disconnected pins.
Contents of circuit 2:  Circuit: 'sky130_fd_sc_hd__o211ai_4'
Circuit sky130_fd_sc_hd__o211ai_4 contains 32 device instances.
  Class: sky130_fd_pr__nfet_01v8 instances:  16
  Class: sky130_fd_pr__pfet_01v8_hvt instances:  16
Circuit contains 14 nets.

Circuit sky130_fd_sc_hd__o211ai_4 contains no devices.

Contents of circuit 1:  Circuit: 'sky130_fd_sc_hd__inv_1'
Circuit sky130_fd_sc_hd__inv_1 contains 0 device instances.
Circuit contains 0 nets, and 6 disconnected pins.
Contents of circuit 2:  Circuit: 'sky130_fd_sc_hd__inv_1'
Circuit sky130_fd_sc_hd__inv_1 contains 2 device instances.
  Class: sky130_fd_pr__nfet_01v8 instances:   1
  Class: sky130_fd_pr__pfet_01v8_hvt instances:   1
Circuit contains 6 nets.

Circuit sky130_fd_sc_hd__inv_1 contains no devices.

Contents of circuit 1:  Circuit: 'sky130_fd_sc_hd__nand4_2'
Circuit sky130_fd_sc_hd__nand4_2 contains 0 device instances.
Circuit contains 0 nets, and 9 disconnected pins.
Contents of circuit 2:  Circuit: 'sky130_fd_sc_hd__nand4_2'
Circuit sky130_fd_sc_hd__nand4_2 contains 16 device instances.
  Class: sky130_fd_pr__nfet_01v8 instances:   8
  Class: sky130_fd_pr__pfet_01v8_hvt instances:   8
Circuit contains 12 nets.

Circuit sky130_fd_sc_hd__nand4_2 contains no devices.

Contents of circuit 1:  Circuit: 'sky130_fd_sc_hd__clkinv_16'
Circuit sky130_fd_sc_hd__clkinv_16 contains 0 device instances.
Circuit contains 0 nets, and 6 disconnected pins.
Contents of circuit 2:  Circuit: 'sky130_fd_sc_hd__clkinv_16'
Circuit sky130_fd_sc_hd__clkinv_16 contains 40 device instances.
  Class: sky130_fd_pr__nfet_01v8 instances:  16
  Class: sky130_fd_pr__pfet_01v8_hvt instances:  24
Circuit contains 6 nets.

Circuit sky130_fd_sc_hd__clkinv_16 contains no devices.

Contents of circuit 1:  Circuit: 'sky130_fd_sc_hd__o21bai_4'
Circuit sky130_fd_sc_hd__o21bai_4 contains 0 device instances.
Circuit contains 0 nets, and 8 disconnected pins.
Contents of circuit 2:  Circuit: 'sky130_fd_sc_hd__o21bai_4'
Circuit sky130_fd_sc_hd__o21bai_4 contains 26 device instances.
  Class: sky130_fd_pr__nfet_01v8 instances:  13
  Class: sky130_fd_pr__pfet_01v8_hvt instances:  13
Circuit contains 11 nets.

Circuit sky130_fd_sc_hd__o21bai_4 contains no devices.

Contents of circuit 1:  Circuit: 'sky130_fd_sc_hd__and3b_2'
Circuit sky130_fd_sc_hd__and3b_2 contains 0 device instances.
Circuit contains 0 nets, and 8 disconnected pins.
Contents of circuit 2:  Circuit: 'sky130_fd_sc_hd__and3b_2'
Circuit sky130_fd_sc_hd__and3b_2 contains 12 device instances.
  Class: sky130_fd_pr__nfet_01v8 instances:   6
  Class: sky130_fd_pr__pfet_01v8_hvt instances:   6
Circuit contains 12 nets.

Circuit sky130_fd_sc_hd__and3b_2 contains no devices.

Contents of circuit 1:  Circuit: 'sky130_fd_sc_hd__o2bb2a_4'
Circuit sky130_fd_sc_hd__o2bb2a_4 contains 0 device instances.
Circuit contains 0 nets, and 9 disconnected pins.
Contents of circuit 2:  Circuit: 'sky130_fd_sc_hd__o2bb2a_4'
Circuit sky130_fd_sc_hd__o2bb2a_4 contains 28 device instances.
  Class: sky130_fd_pr__nfet_01v8 instances:  14
  Class: sky130_fd_pr__pfet_01v8_hvt instances:  14
Circuit contains 14 nets.

Circuit sky130_fd_sc_hd__o2bb2a_4 contains no devices.

Contents of circuit 1:  Circuit: 'sky130_fd_sc_hd__o32ai_4'
Circuit sky130_fd_sc_hd__o32ai_4 contains 0 device instances.
Circuit contains 0 nets, and 10 disconnected pins.
Contents of circuit 2:  Circuit: 'sky130_fd_sc_hd__o32ai_4'
Circuit sky130_fd_sc_hd__o32ai_4 contains 40 device instances.
  Class: sky130_fd_pr__nfet_01v8 instances:  20
  Class: sky130_fd_pr__pfet_01v8_hvt instances:  20
Circuit contains 14 nets.

Circuit sky130_fd_sc_hd__o32ai_4 contains no devices.

Contents of circuit 1:  Circuit: 'sky130_fd_sc_hd__or4b_2'
Circuit sky130_fd_sc_hd__or4b_2 contains 0 device instances.
Circuit contains 0 nets, and 9 disconnected pins.
Contents of circuit 2:  Circuit: 'sky130_fd_sc_hd__or4b_2'
Circuit sky130_fd_sc_hd__or4b_2 contains 14 device instances.
  Class: sky130_fd_pr__nfet_01v8 instances:   7
  Class: sky130_fd_pr__pfet_01v8_hvt instances:   7
Circuit contains 14 nets.

Circuit sky130_fd_sc_hd__or4b_2 contains no devices.

Contents of circuit 1:  Circuit: 'sky130_fd_sc_hd__o21ba_4'
Circuit sky130_fd_sc_hd__o21ba_4 contains 0 device instances.
Circuit contains 0 nets, and 8 disconnected pins.
Contents of circuit 2:  Circuit: 'sky130_fd_sc_hd__o21ba_4'
Circuit sky130_fd_sc_hd__o21ba_4 contains 22 device instances.
  Class: sky130_fd_pr__nfet_01v8 instances:  11
  Class: sky130_fd_pr__pfet_01v8_hvt instances:  11
Circuit contains 12 nets.

Circuit sky130_fd_sc_hd__o21ba_4 contains no devices.

Contents of circuit 1:  Circuit: 'sky130_fd_sc_hd__a311o_2'
Circuit sky130_fd_sc_hd__a311o_2 contains 0 device instances.
Circuit contains 0 nets, and 10 disconnected pins.
Contents of circuit 2:  Circuit: 'sky130_fd_sc_hd__a311o_2'
Circuit sky130_fd_sc_hd__a311o_2 contains 14 device instances.
  Class: sky130_fd_pr__nfet_01v8 instances:   7
  Class: sky130_fd_pr__pfet_01v8_hvt instances:   7
Circuit contains 15 nets.

Circuit sky130_fd_sc_hd__a311o_2 contains no devices.

Contents of circuit 1:  Circuit: 'sky130_fd_sc_hd__nor3b_2'
Circuit sky130_fd_sc_hd__nor3b_2 contains 0 device instances.
Circuit contains 0 nets, and 8 disconnected pins.
Contents of circuit 2:  Circuit: 'sky130_fd_sc_hd__nor3b_2'
Circuit sky130_fd_sc_hd__nor3b_2 contains 14 device instances.
  Class: sky130_fd_pr__nfet_01v8 instances:   7
  Class: sky130_fd_pr__pfet_01v8_hvt instances:   7
Circuit contains 11 nets.

Circuit sky130_fd_sc_hd__nor3b_2 contains no devices.

Contents of circuit 1:  Circuit: 'sky130_fd_sc_hd__nand2b_4'
Circuit sky130_fd_sc_hd__nand2b_4 contains 0 device instances.
Circuit contains 0 nets, and 7 disconnected pins.
Contents of circuit 2:  Circuit: 'sky130_fd_sc_hd__nand2b_4'
Circuit sky130_fd_sc_hd__nand2b_4 contains 18 device instances.
  Class: sky130_fd_pr__nfet_01v8 instances:   9
  Class: sky130_fd_pr__pfet_01v8_hvt instances:   9
Circuit contains 9 nets.

Circuit sky130_fd_sc_hd__nand2b_4 contains no devices.

Contents of circuit 1:  Circuit: 'sky130_fd_sc_hd__nor3_2'
Circuit sky130_fd_sc_hd__nor3_2 contains 0 device instances.
Circuit contains 0 nets, and 8 disconnected pins.
Contents of circuit 2:  Circuit: 'sky130_fd_sc_hd__nor3_2'
Circuit sky130_fd_sc_hd__nor3_2 contains 12 device instances.
  Class: sky130_fd_pr__nfet_01v8 instances:   6
  Class: sky130_fd_pr__pfet_01v8_hvt instances:   6
Circuit contains 10 nets.

Circuit sky130_fd_sc_hd__nor3_2 contains no devices.

Contents of circuit 1:  Circuit: 'sky130_fd_sc_hd__or3b_2'
Circuit sky130_fd_sc_hd__or3b_2 contains 0 device instances.
Circuit contains 0 nets, and 8 disconnected pins.
Contents of circuit 2:  Circuit: 'sky130_fd_sc_hd__or3b_2'
Circuit sky130_fd_sc_hd__or3b_2 contains 12 device instances.
  Class: sky130_fd_pr__nfet_01v8 instances:   6
  Class: sky130_fd_pr__pfet_01v8_hvt instances:   6
Circuit contains 12 nets.

Circuit sky130_fd_sc_hd__or3b_2 contains no devices.

Contents of circuit 1:  Circuit: 'sky130_fd_sc_hd__a32oi_2'
Circuit sky130_fd_sc_hd__a32oi_2 contains 0 device instances.
Circuit contains 0 nets, and 10 disconnected pins.
Contents of circuit 2:  Circuit: 'sky130_fd_sc_hd__a32oi_2'
Circuit sky130_fd_sc_hd__a32oi_2 contains 20 device instances.
  Class: sky130_fd_pr__nfet_01v8 instances:  10
  Class: sky130_fd_pr__pfet_01v8_hvt instances:  10
Circuit contains 14 nets.

Circuit sky130_fd_sc_hd__a32oi_2 contains no devices.

Contents of circuit 1:  Circuit: 'sky130_fd_sc_hd__nor4_2'
Circuit sky130_fd_sc_hd__nor4_2 contains 0 device instances.
Circuit contains 0 nets, and 9 disconnected pins.
Contents of circuit 2:  Circuit: 'sky130_fd_sc_hd__nor4_2'
Circuit sky130_fd_sc_hd__nor4_2 contains 16 device instances.
  Class: sky130_fd_pr__nfet_01v8 instances:   8
  Class: sky130_fd_pr__pfet_01v8_hvt instances:   8
Circuit contains 12 nets.

Circuit sky130_fd_sc_hd__nor4_2 contains no devices.

Contents of circuit 1:  Circuit: 'sky130_fd_sc_hd__o2111ai_2'
Circuit sky130_fd_sc_hd__o2111ai_2 contains 0 device instances.
Circuit contains 0 nets, and 10 disconnected pins.
Contents of circuit 2:  Circuit: 'sky130_fd_sc_hd__o2111ai_2'
Circuit sky130_fd_sc_hd__o2111ai_2 contains 20 device instances.
  Class: sky130_fd_pr__nfet_01v8 instances:  10
  Class: sky130_fd_pr__pfet_01v8_hvt instances:  10
Circuit contains 14 nets.

Circuit sky130_fd_sc_hd__o2111ai_2 contains no devices.

Contents of circuit 1:  Circuit: 'sky130_fd_sc_hd__o41ai_2'
Circuit sky130_fd_sc_hd__o41ai_2 contains 0 device instances.
Circuit contains 0 nets, and 10 disconnected pins.
Contents of circuit 2:  Circuit: 'sky130_fd_sc_hd__o41ai_2'
Circuit sky130_fd_sc_hd__o41ai_2 contains 20 device instances.
  Class: sky130_fd_pr__nfet_01v8 instances:  10
  Class: sky130_fd_pr__pfet_01v8_hvt instances:  10
Circuit contains 14 nets.

Circuit sky130_fd_sc_hd__o41ai_2 contains no devices.

Contents of circuit 1:  Circuit: 'sky130_fd_sc_hd__o2111a_1'
Circuit sky130_fd_sc_hd__o2111a_1 contains 0 device instances.
Circuit contains 0 nets, and 10 disconnected pins.
Contents of circuit 2:  Circuit: 'sky130_fd_sc_hd__o2111a_1'
Circuit sky130_fd_sc_hd__o2111a_1 contains 12 device instances.
  Class: sky130_fd_pr__nfet_01v8 instances:   6
  Class: sky130_fd_pr__pfet_01v8_hvt instances:   6
Circuit contains 15 nets.

Circuit sky130_fd_sc_hd__o2111a_1 contains no devices.

Contents of circuit 1:  Circuit: 'sky130_fd_sc_hd__a31oi_2'
Circuit sky130_fd_sc_hd__a31oi_2 contains 0 device instances.
Circuit contains 0 nets, and 9 disconnected pins.
Contents of circuit 2:  Circuit: 'sky130_fd_sc_hd__a31oi_2'
Circuit sky130_fd_sc_hd__a31oi_2 contains 16 device instances.
  Class: sky130_fd_pr__nfet_01v8 instances:   8
  Class: sky130_fd_pr__pfet_01v8_hvt instances:   8
Circuit contains 12 nets.

Circuit sky130_fd_sc_hd__a31oi_2 contains no devices.

Contents of circuit 1:  Circuit: 'sky130_fd_sc_hd__o311ai_2'
Circuit sky130_fd_sc_hd__o311ai_2 contains 0 device instances.
Circuit contains 0 nets, and 10 disconnected pins.
Contents of circuit 2:  Circuit: 'sky130_fd_sc_hd__o311ai_2'
Circuit sky130_fd_sc_hd__o311ai_2 contains 20 device instances.
  Class: sky130_fd_pr__nfet_01v8 instances:  10
  Class: sky130_fd_pr__pfet_01v8_hvt instances:  10
Circuit contains 14 nets.

Circuit sky130_fd_sc_hd__o311ai_2 contains no devices.

Contents of circuit 1:  Circuit: 'sky130_fd_sc_hd__and4_4'
Circuit sky130_fd_sc_hd__and4_4 contains 0 device instances.
Circuit contains 0 nets, and 9 disconnected pins.
Contents of circuit 2:  Circuit: 'sky130_fd_sc_hd__and4_4'
Circuit sky130_fd_sc_hd__and4_4 contains 16 device instances.
  Class: sky130_fd_pr__nfet_01v8 instances:   8
  Class: sky130_fd_pr__pfet_01v8_hvt instances:   8
Circuit contains 13 nets.

Circuit sky130_fd_sc_hd__and4_4 contains no devices.

Contents of circuit 1:  Circuit: 'sky130_fd_sc_hd__o41a_1'
Circuit sky130_fd_sc_hd__o41a_1 contains 0 device instances.
Circuit contains 0 nets, and 10 disconnected pins.
Contents of circuit 2:  Circuit: 'sky130_fd_sc_hd__o41a_1'
Circuit sky130_fd_sc_hd__o41a_1 contains 12 device instances.
  Class: sky130_fd_pr__nfet_01v8 instances:   6
  Class: sky130_fd_pr__pfet_01v8_hvt instances:   6
Circuit contains 15 nets.

Circuit sky130_fd_sc_hd__o41a_1 contains no devices.

Contents of circuit 1:  Circuit: 'sky130_fd_sc_hd__nor4_1'
Circuit sky130_fd_sc_hd__nor4_1 contains 0 device instances.
Circuit contains 0 nets, and 9 disconnected pins.
Contents of circuit 2:  Circuit: 'sky130_fd_sc_hd__nor4_1'
Circuit sky130_fd_sc_hd__nor4_1 contains 8 device instances.
  Class: sky130_fd_pr__nfet_01v8 instances:   4
  Class: sky130_fd_pr__pfet_01v8_hvt instances:   4
Circuit contains 12 nets.

Circuit sky130_fd_sc_hd__nor4_1 contains no devices.

Contents of circuit 1:  Circuit: 'sky130_fd_sc_hd__o31ai_2'
Circuit sky130_fd_sc_hd__o31ai_2 contains 0 device instances.
Circuit contains 0 nets, and 9 disconnected pins.
Contents of circuit 2:  Circuit: 'sky130_fd_sc_hd__o31ai_2'
Circuit sky130_fd_sc_hd__o31ai_2 contains 16 device instances.
  Class: sky130_fd_pr__nfet_01v8 instances:   8
  Class: sky130_fd_pr__pfet_01v8_hvt instances:   8
Circuit contains 12 nets.

Circuit sky130_fd_sc_hd__o31ai_2 contains no devices.

Contents of circuit 1:  Circuit: 'sky130_fd_sc_hd__a22o_2'
Circuit sky130_fd_sc_hd__a22o_2 contains 0 device instances.
Circuit contains 0 nets, and 9 disconnected pins.
Contents of circuit 2:  Circuit: 'sky130_fd_sc_hd__a22o_2'
Circuit sky130_fd_sc_hd__a22o_2 contains 12 device instances.
  Class: sky130_fd_pr__nfet_01v8 instances:   6
  Class: sky130_fd_pr__pfet_01v8_hvt instances:   6
Circuit contains 13 nets.

Circuit sky130_fd_sc_hd__a22o_2 contains no devices.

Contents of circuit 1:  Circuit: 'sky130_fd_sc_hd__a2bb2o_4'
Circuit sky130_fd_sc_hd__a2bb2o_4 contains 0 device instances.
Circuit contains 0 nets, and 9 disconnected pins.
Contents of circuit 2:  Circuit: 'sky130_fd_sc_hd__a2bb2o_4'
Circuit sky130_fd_sc_hd__a2bb2o_4 contains 28 device instances.
  Class: sky130_fd_pr__nfet_01v8 instances:  14
  Class: sky130_fd_pr__pfet_01v8_hvt instances:  14
Circuit contains 14 nets.

Circuit sky130_fd_sc_hd__a2bb2o_4 contains no devices.

Contents of circuit 1:  Circuit: 'sky130_fd_sc_hd__or4bb_4'
Circuit sky130_fd_sc_hd__or4bb_4 contains 0 device instances.
Circuit contains 0 nets, and 9 disconnected pins.
Contents of circuit 2:  Circuit: 'sky130_fd_sc_hd__or4bb_4'
Circuit sky130_fd_sc_hd__or4bb_4 contains 20 device instances.
  Class: sky130_fd_pr__nfet_01v8 instances:  10
  Class: sky130_fd_pr__pfet_01v8_hvt instances:  10
Circuit contains 15 nets.

Circuit sky130_fd_sc_hd__or4bb_4 contains no devices.

Contents of circuit 1:  Circuit: 'sky130_fd_sc_hd__a2bb2oi_2'
Circuit sky130_fd_sc_hd__a2bb2oi_2 contains 0 device instances.
Circuit contains 0 nets, and 9 disconnected pins.
Contents of circuit 2:  Circuit: 'sky130_fd_sc_hd__a2bb2oi_2'
Circuit sky130_fd_sc_hd__a2bb2oi_2 contains 20 device instances.
  Class: sky130_fd_pr__nfet_01v8 instances:  10
  Class: sky130_fd_pr__pfet_01v8_hvt instances:  10
Circuit contains 13 nets.

Circuit sky130_fd_sc_hd__a2bb2oi_2 contains no devices.

Contents of circuit 1:  Circuit: 'sky130_fd_sc_hd__o311ai_4'
Circuit sky130_fd_sc_hd__o311ai_4 contains 0 device instances.
Circuit contains 0 nets, and 10 disconnected pins.
Contents of circuit 2:  Circuit: 'sky130_fd_sc_hd__o311ai_4'
Circuit sky130_fd_sc_hd__o311ai_4 contains 40 device instances.
  Class: sky130_fd_pr__nfet_01v8 instances:  20
  Class: sky130_fd_pr__pfet_01v8_hvt instances:  20
Circuit contains 14 nets.

Circuit sky130_fd_sc_hd__o311ai_4 contains no devices.

Contents of circuit 1:  Circuit: 'sky130_fd_sc_hd__a2111o_4'
Circuit sky130_fd_sc_hd__a2111o_4 contains 0 device instances.
Circuit contains 0 nets, and 10 disconnected pins.
Contents of circuit 2:  Circuit: 'sky130_fd_sc_hd__a2111o_4'
Circuit sky130_fd_sc_hd__a2111o_4 contains 28 device instances.
  Class: sky130_fd_pr__nfet_01v8 instances:  14
  Class: sky130_fd_pr__pfet_01v8_hvt instances:  14
Circuit contains 15 nets.

Circuit sky130_fd_sc_hd__a2111o_4 contains no devices.

Contents of circuit 1:  Circuit: 'sky130_fd_sc_hd__o2111ai_1'
Circuit sky130_fd_sc_hd__o2111ai_1 contains 0 device instances.
Circuit contains 0 nets, and 10 disconnected pins.
Contents of circuit 2:  Circuit: 'sky130_fd_sc_hd__o2111ai_1'
Circuit sky130_fd_sc_hd__o2111ai_1 contains 10 device instances.
  Class: sky130_fd_pr__nfet_01v8 instances:   5
  Class: sky130_fd_pr__pfet_01v8_hvt instances:   5
Circuit contains 14 nets.

Circuit sky130_fd_sc_hd__o2111ai_1 contains no devices.

Contents of circuit 1:  Circuit: 'sky130_fd_sc_hd__clkbuf_1'
Circuit sky130_fd_sc_hd__clkbuf_1 contains 0 device instances.
Circuit contains 0 nets, and 6 disconnected pins.
Contents of circuit 2:  Circuit: 'sky130_fd_sc_hd__clkbuf_1'
Circuit sky130_fd_sc_hd__clkbuf_1 contains 4 device instances.
  Class: sky130_fd_pr__nfet_01v8 instances:   2
  Class: sky130_fd_pr__pfet_01v8_hvt instances:   2
Circuit contains 7 nets.

Circuit sky130_fd_sc_hd__clkbuf_1 contains no devices.

Contents of circuit 1:  Circuit: 'sky130_fd_sc_hd__o22ai_4'
Circuit sky130_fd_sc_hd__o22ai_4 contains 0 device instances.
Circuit contains 0 nets, and 9 disconnected pins.
Contents of circuit 2:  Circuit: 'sky130_fd_sc_hd__o22ai_4'
Circuit sky130_fd_sc_hd__o22ai_4 contains 32 device instances.
  Class: sky130_fd_pr__nfet_01v8 instances:  16
  Class: sky130_fd_pr__pfet_01v8_hvt instances:  16
Circuit contains 12 nets.

Circuit sky130_fd_sc_hd__o22ai_4 contains no devices.

Contents of circuit 1:  Circuit: 'sky130_fd_sc_hd__a311oi_2'
Circuit sky130_fd_sc_hd__a311oi_2 contains 0 device instances.
Circuit contains 0 nets, and 10 disconnected pins.
Contents of circuit 2:  Circuit: 'sky130_fd_sc_hd__a311oi_2'
Circuit sky130_fd_sc_hd__a311oi_2 contains 20 device instances.
  Class: sky130_fd_pr__nfet_01v8 instances:  10
  Class: sky130_fd_pr__pfet_01v8_hvt instances:  10
Circuit contains 14 nets.

Circuit sky130_fd_sc_hd__a311oi_2 contains no devices.

Contents of circuit 1:  Circuit: 'sky130_fd_sc_hd__o2111ai_4'
Circuit sky130_fd_sc_hd__o2111ai_4 contains 0 device instances.
Circuit contains 0 nets, and 10 disconnected pins.
Contents of circuit 2:  Circuit: 'sky130_fd_sc_hd__o2111ai_4'
Circuit sky130_fd_sc_hd__o2111ai_4 contains 40 device instances.
  Class: sky130_fd_pr__nfet_01v8 instances:  20
  Class: sky130_fd_pr__pfet_01v8_hvt instances:  20
Circuit contains 14 nets.

Circuit sky130_fd_sc_hd__o2111ai_4 contains no devices.

Contents of circuit 1:  Circuit: 'sky130_fd_sc_hd__and4b_2'
Circuit sky130_fd_sc_hd__and4b_2 contains 0 device instances.
Circuit contains 0 nets, and 9 disconnected pins.
Contents of circuit 2:  Circuit: 'sky130_fd_sc_hd__and4b_2'
Circuit sky130_fd_sc_hd__and4b_2 contains 14 device instances.
  Class: sky130_fd_pr__nfet_01v8 instances:   7
  Class: sky130_fd_pr__pfet_01v8_hvt instances:   7
Circuit contains 14 nets.

Circuit sky130_fd_sc_hd__and4b_2 contains no devices.

Contents of circuit 1:  Circuit: 'sky130_fd_sc_hd__o32ai_2'
Circuit sky130_fd_sc_hd__o32ai_2 contains 0 device instances.
Circuit contains 0 nets, and 10 disconnected pins.
Contents of circuit 2:  Circuit: 'sky130_fd_sc_hd__o32ai_2'
Circuit sky130_fd_sc_hd__o32ai_2 contains 20 device instances.
  Class: sky130_fd_pr__nfet_01v8 instances:  10
  Class: sky130_fd_pr__pfet_01v8_hvt instances:  10
Circuit contains 14 nets.

Circuit sky130_fd_sc_hd__o32ai_2 contains no devices.

Contents of circuit 1:  Circuit: 'sky130_fd_sc_hd__clkinv_1'
Circuit sky130_fd_sc_hd__clkinv_1 contains 0 device instances.
Circuit contains 0 nets, and 6 disconnected pins.
Contents of circuit 2:  Circuit: 'sky130_fd_sc_hd__clkinv_1'
Circuit sky130_fd_sc_hd__clkinv_1 contains 3 device instances.
  Class: sky130_fd_pr__nfet_01v8 instances:   1
  Class: sky130_fd_pr__pfet_01v8_hvt instances:   2
Circuit contains 6 nets.

Circuit sky130_fd_sc_hd__clkinv_1 contains no devices.

Contents of circuit 1:  Circuit: 'sky130_fd_sc_hd__dlymetal6s2s_1'
Circuit sky130_fd_sc_hd__dlymetal6s2s_1 contains 0 device instances.
Circuit contains 0 nets, and 6 disconnected pins.
Contents of circuit 2:  Circuit: 'sky130_fd_sc_hd__dlymetal6s2s_1'
Circuit sky130_fd_sc_hd__dlymetal6s2s_1 contains 12 device instances.
  Class: sky130_fd_pr__nfet_01v8 instances:   6
  Class: sky130_fd_pr__pfet_01v8_hvt instances:   6
Circuit contains 11 nets.

Circuit sky130_fd_sc_hd__dlymetal6s2s_1 contains no devices.

Contents of circuit 1:  Circuit: 'sky130_fd_sc_hd__o2111a_4'
Circuit sky130_fd_sc_hd__o2111a_4 contains 0 device instances.
Circuit contains 0 nets, and 10 disconnected pins.
Contents of circuit 2:  Circuit: 'sky130_fd_sc_hd__o2111a_4'
Circuit sky130_fd_sc_hd__o2111a_4 contains 28 device instances.
  Class: sky130_fd_pr__nfet_01v8 instances:  14
  Class: sky130_fd_pr__pfet_01v8_hvt instances:  14
Circuit contains 17 nets.

Circuit sky130_fd_sc_hd__o2111a_4 contains no devices.

Contents of circuit 1:  Circuit: 'sky130_fd_sc_hd__o41ai_4'
Circuit sky130_fd_sc_hd__o41ai_4 contains 0 device instances.
Circuit contains 0 nets, and 10 disconnected pins.
Contents of circuit 2:  Circuit: 'sky130_fd_sc_hd__o41ai_4'
Circuit sky130_fd_sc_hd__o41ai_4 contains 40 device instances.
  Class: sky130_fd_pr__nfet_01v8 instances:  20
  Class: sky130_fd_pr__pfet_01v8_hvt instances:  20
Circuit contains 14 nets.

Circuit sky130_fd_sc_hd__o41ai_4 contains no devices.

Contents of circuit 1:  Circuit: 'sky130_fd_sc_hd__a21bo_2'
Circuit sky130_fd_sc_hd__a21bo_2 contains 0 device instances.
Circuit contains 0 nets, and 8 disconnected pins.
Contents of circuit 2:  Circuit: 'sky130_fd_sc_hd__a21bo_2'
Circuit sky130_fd_sc_hd__a21bo_2 contains 12 device instances.
  Class: sky130_fd_pr__nfet_01v8 instances:   6
  Class: sky130_fd_pr__pfet_01v8_hvt instances:   6
Circuit contains 12 nets.

Circuit sky130_fd_sc_hd__a21bo_2 contains no devices.

Contents of circuit 1:  Circuit: 'senseedge_top'
Circuit senseedge_top contains 859089 device instances.
  Class: sky130_fd_sc_hd__bufinv_16 instances: 101
  Class: sky130_fd_sc_hd__o2111ai_1 instances:   1
  Class: sky130_fd_sc_hd__o2111ai_2 instances:   1
  Class: sky130_fd_sc_hd__o2111ai_4 instances:   1
  Class: sky130_fd_sc_hd__a41o_1 instances:  10
  Class: sky130_fd_sc_hd__a31o_1 instances: 462
  Class: sky130_fd_sc_hd__a31o_2 instances:  35
  Class: sky130_fd_sc_hd__a31o_4 instances:  33
  Class: sky130_fd_sc_hd__a21o_1 instances: 1286
  Class: sky130_fd_sc_hd__a21o_2 instances:  18
  Class: sky130_fd_sc_hd__a21o_4 instances:  18
  Class: sky130_fd_sc_hd__a2bb2oi_1 instances:   2
  Class: sky130_fd_sc_hd__a2bb2oi_2 instances:   1
  Class: sky130_fd_sc_hd__o32ai_2 instances:   1
  Class: sky130_fd_sc_hd__o32ai_4 instances:   4
  Class: sky130_fd_sc_hd__clkbuf_16 instances: 252
  Class: sky130_fd_sc_hd__dfxtp_1 instances: 6863
  Class: sky130_fd_sc_hd__a32oi_2 instances:   1
  Class: sky130_fd_sc_hd__dfxtp_2 instances:  74
  Class: sky130_fd_sc_hd__a32oi_4 instances:   4
  Class: sky130_fd_sc_hd__dfxtp_4 instances: 100
  Class: sky130_fd_sc_hd__o31ai_1 instances:  11
  Class: sky130_fd_sc_hd__o31ai_2 instances:   6
  Class: sky130_fd_sc_hd__o31ai_4 instances:  12
  Class: sky130_fd_sc_hd__or4_1 instances:  34
  Class: sky130_fd_sc_hd__or4_2 instances:   7
  Class: sky130_fd_sc_hd__or4_4 instances:  13
  Class: sky130_fd_sc_hd__a31oi_1 instances:  12
  Class: sky130_fd_sc_hd__a31oi_2 instances:  10
  Class: sky130_fd_sc_hd__buf_1 instances:   6
  Class: sky130_fd_sc_hd__nand4_1 instances:  99
  Class: sky130_fd_sc_hd__nand4_2 instances:   8
  Class: sky130_fd_sc_hd__a31oi_4 instances:   8
  Class: sky130_fd_sc_hd__buf_2 instances:  53
  Class: sky130_fd_sc_hd__nand4_4 instances:   3
  Class: sky130_fd_sc_hd__buf_4 instances: 684
  Class: sky130_fd_sc_hd__buf_6 instances: 456
  Class: sky130_fd_sc_hd__buf_8 instances: 672
  Class: sky130_fd_sc_hd__a2bb2o_1 instances:  51
  Class: sky130_fd_sc_hd__a2bb2o_2 instances:   6
  Class: sky130_fd_sc_hd__a2bb2o_4 instances:   4
  Class: sky130_fd_sc_hd__and3b_1 instances:  37
  Class: sky130_fd_sc_hd__and3b_2 instances:   3
  Class: sky130_fd_sc_hd__and3b_4 instances:   6
  Class: sky130_fd_sc_hd__xor2_1 instances: 803
  Class: sky130_fd_sc_hd__xor2_2 instances: 147
  Class: sky130_fd_sc_hd__o221ai_1 instances:   1
  Class: sky130_fd_sc_hd__xor2_4 instances:  34
  Class: sky130_fd_sc_hd__o221ai_2 instances:   3
  Class: sky130_fd_sc_hd__mux4_1 instances: 1003
  Class: sky130_fd_sc_hd__o221ai_4 instances:   9
  Class: sky130_fd_sc_hd__mux4_2 instances:  53
  Class: sky130_fd_sc_hd__and4_1 instances: 114
  Class: sky130_fd_sc_hd__and4_2 instances:   2
  Class: sky130_fd_sc_hd__and4_4 instances:   4
  Class: sky130_fd_sc_hd__inv_1 instances:   1
  Class: sky130_fd_sc_hd__inv_2 instances: 383
  Class: sky130_fd_sc_hd__inv_4 instances:  21
  Class: sky130_fd_sc_hd__inv_6 instances: 180
  Class: sky130_fd_sc_hd__inv_8 instances:  72
  Class: sky130_fd_sc_hd__clkbuf_1 instances:   5
  Class: sky130_fd_sc_hd__clkbuf_2 instances:  31
  Class: sky130_fd_sc_hd__clkbuf_4 instances: 242
  Class: sky130_fd_sc_hd__clkbuf_8 instances: 1605
  Class: sky130_fd_sc_hd__or3_1 instances: 306
  Class: sky130_fd_sc_hd__or3_2 instances:  17
  Class: sky130_fd_sc_hd__or3_4 instances:  59
  Class: sky130_fd_sc_hd__nand3_1 instances: 263
  Class: sky130_fd_sc_hd__nand3_2 instances:  24
  Class: sky130_fd_sc_hd__nand3_4 instances:   8
  Class: sky130_fd_sc_hd__o21ba_1 instances: 133
  Class: sky130_fd_sc_hd__o21ba_2 instances:   3
  Class: sky130_fd_sc_hd__o21ba_4 instances:   4
  Class: sky130_fd_sc_hd__and2b_1 instances: 528
  Class: sky130_fd_sc_hd__and2b_2 instances:   7
  Class: sky130_fd_sc_hd__conb_1 instances: 150
  Class: sky130_fd_sc_hd__and2b_4 instances:  11
  Class: sky130_fd_sc_hd__a21boi_1 instances:  67
  Class: sky130_fd_sc_hd__a21boi_2 instances:  18
  Class: sky130_fd_sc_hd__a21boi_4 instances:   5
  Class: sky130_fd_sc_hd__buf_12 instances: 191
  Class: sky130_fd_sc_hd__a21bo_1 instances: 854
  Class: sky130_fd_sc_hd__a21bo_2 instances:   1
  Class: sky130_fd_sc_hd__a21bo_4 instances:   3
  Class: sky130_fd_sc_hd__a221oi_1 instances:  19
  Class: sky130_fd_sc_hd__a221oi_2 instances:  25
  Class: sky130_fd_sc_hd__a221oi_4 instances:  18
  Class: sky130_fd_sc_hd__clkinv_1 instances:   1
  Class: sky130_fd_sc_hd__clkinv_2 instances:  83
  Class: sky130_fd_sc_hd__clkinv_4 instances: 114
  Class: sky130_fd_sc_hd__clkinv_8 instances:  26
  Class: sky130_fd_sc_hd__and3_1 instances: 760
  Class: sky130_fd_sc_hd__and3_2 instances:  18
  Class: sky130_fd_sc_hd__and3_4 instances:  15
  Class: sky130_fd_sc_hd__a2111o_1 instances:   4
  Class: sky130_fd_sc_hd__a2111o_4 instances:   2
  Class: sky130_fd_sc_hd__decap_3 instances: 15368
  Class: sky130_fd_sc_hd__decap_4 instances: 16494
  Class: sky130_fd_sc_hd__decap_6 instances: 85063
  Class: sky130_fd_sc_hd__decap_8 instances: 12365
  Class: sky130_fd_sc_hd__dlygate4sd3_1 instances: 3685
  Class: sky130_fd_sc_hd__or2_1 instances: 1251
  Class: sky130_fd_sc_hd__or2_2 instances:  58
  Class: sky130_fd_sc_hd__a2111oi_1 instances:   3
  Class: sky130_fd_sc_hd__or2_4 instances: 239
  Class: sky130_fd_sc_hd__nand2_1 instances: 2316
  Class: sky130_fd_sc_hd__nand2_2 instances:  87
  Class: sky130_fd_sc_hd__nand2_4 instances:  41
  Class: sky130_fd_sc_hd__nand2_8 instances:  57
  Class: sky130_fd_sc_hd__o311ai_2 instances:   1
  Class: sky130_fd_sc_hd__o311ai_4 instances:   4
  Class: sky130_fd_sc_hd__nand3b_1 instances:  12
  Class: sky130_fd_sc_hd__nand3b_2 instances:   3
  Class: sky130_fd_sc_hd__mux2_1 instances: 5002
  Class: sky130_fd_sc_hd__nand3b_4 instances:  10
  Class: sky130_fd_sc_hd__mux2_2 instances:  22
  Class: sky130_fd_sc_hd__mux2_4 instances:  18
  Class: sky130_fd_sc_hd__mux2_8 instances:  12
  Class: sky130_fd_sc_hd__o2bb2ai_1 instances:   5
  Class: sky130_fd_sc_hd__a211oi_1 instances:  73
  Class: sky130_fd_sc_hd__and2_1 instances: 1279
  Class: sky130_fd_sc_hd__a211oi_2 instances:  29
  Class: sky130_fd_sc_hd__and2_2 instances:  30
  Class: sky130_fd_sc_hd__a211oi_4 instances:  18
  Class: sky130_fd_sc_hd__and2_4 instances:  31
  Class: sky130_fd_sc_hd__or4b_1 instances:   8
  Class: sky130_fd_sc_hd__or4b_2 instances:   2
  Class: sky130_fd_sc_hd__or4b_4 instances:   9
  Class: sky130_fd_sc_hd__clkinvlp_4 instances:  98
  Class: sky130_fd_sc_hd__nor4_1 instances:   1
  Class: sky130_fd_sc_hd__nor4_2 instances:   1
  Class: sky130_fd_sc_hd__nor4_4 instances:   2
  Class: sky130_fd_sc_hd__inv_12 instances:  15
  Class: sky130_fd_sc_hd__inv_16 instances:   1
  Class: sky130_fd_sc_hd__o32a_1 instances:  28
  Class: sky130_fd_sc_hd__o32a_2 instances:   9
  Class: sky130_fd_sc_hd__o32a_4 instances:  19
  Class: sky130_fd_sc_hd__o22a_1 instances: 792
  Class: sky130_fd_sc_hd__o22a_2 instances:   6
  Class: sky130_fd_sc_hd__o22a_4 instances:  33
  Class: sky130_fd_sc_hd__xnor2_1 instances: 1409
  Class: sky130_fd_sc_hd__xnor2_2 instances: 220
  Class: sky130_fd_sc_hd__xnor2_4 instances: 106
  Class: sky130_fd_sc_hd__nor3b_1 instances:   4
  Class: sky130_fd_sc_hd__nor3b_2 instances:   2
  Class: sky130_fd_sc_hd__nor3b_4 instances:   4
  Class: sky130_fd_sc_hd__o221a_1 instances: 462
  Class: sky130_fd_sc_hd__o221a_2 instances:  34
  Class: sky130_fd_sc_hd__o221a_4 instances:  41
  Class: sky130_fd_sc_hd__o21bai_1 instances:  63
  Class: sky130_fd_sc_hd__o21bai_2 instances:  16
  Class: sky130_fd_sc_hd__o21bai_4 instances:   2
  Class: sky130_fd_sc_hd__o211a_1 instances: 1255
  Class: sky130_fd_sc_hd__o211a_2 instances:  12
  Class: sky130_fd_sc_hd__o211a_4 instances:  16
  Class: sky130_fd_sc_hd__nand2b_1 instances: 378
  Class: sky130_fd_sc_hd__nand2b_2 instances:  10
  Class: sky130_fd_sc_hd__nand2b_4 instances:   5
  Class: sky130_fd_sc_hd__a311oi_1 instances:   4
  Class: sky130_fd_sc_hd__diode_2 instances: 54761
  Class: sky130_fd_sc_hd__a311oi_2 instances:   1
  Class: sky130_fd_sc_hd__a311oi_4 instances:   5
  Class: sky130_fd_sc_hd__a221o_1 instances: 2481
  Class: sky130_fd_sc_hd__a221o_2 instances:  19
  Class: sky130_fd_sc_hd__a221o_4 instances:  21
  Class: sky130_fd_sc_hd__a211o_1 instances: 765
  Class: sky130_fd_sc_hd__a211o_2 instances:  19
  Class: sky130_fd_sc_hd__a211o_4 instances:  21
  Class: sky130_fd_sc_hd__o2111a_1 instances:   5
  Class: sky130_fd_sc_hd__o2111a_4 instances:   3
  Class: sky130_fd_sc_hd__or3b_1 instances: 106
  Class: sky130_fd_sc_hd__or3b_2 instances:   5
  Class: sky130_fd_sc_hd__or3b_4 instances:  41
  Class: sky130_fd_sc_hd__dlymetal6s2s_1 instances:   3
  Class: sky130_fd_sc_hd__or4bb_1 instances:   4
  Class: sky130_fd_sc_hd__nor3_1 instances: 114
  Class: sky130_fd_sc_hd__nor3_2 instances:   4
  Class: sky130_fd_sc_hd__or4bb_4 instances:   3
  Class: sky130_fd_sc_hd__nor3_4 instances:   9
  Class: sky130_fd_sc_hd__a32o_1 instances:  85
  Class: sky130_fd_sc_hd__a32o_2 instances:   9
  Class: sky130_fd_sc_hd__a32o_4 instances:  22
  Class: sky130_fd_sc_hd__o41a_1 instances:   3
  Class: sky130_fd_sc_hd__a22o_1 instances: 677
  Class: sky130_fd_sc_hd__a22o_2 instances:   3
  Class: sky130_fd_sc_hd__a22o_4 instances:   6
  Class: sky130_fd_sc_hd__o31a_1 instances: 192
  Class: sky130_fd_sc_hd__o31a_2 instances:   7
  Class: sky130_fd_sc_hd__o31a_4 instances:  16
  Class: sky130_fd_sc_hd__o2bb2a_1 instances: 101
  Class: sky130_fd_sc_hd__o2bb2a_2 instances:   5
  Class: sky130_fd_sc_hd__o2bb2a_4 instances:   2
  Class: sky130_fd_sc_hd__o21a_1 instances: 746
  Class: sky130_fd_sc_hd__o21a_2 instances:   6
  Class: sky130_fd_sc_hd__o41ai_2 instances:   1
  Class: sky130_fd_sc_hd__o21a_4 instances:  20
  Class: sky130_fd_sc_hd__o41ai_4 instances:   1
  Class: sky130_fd_sc_hd__o311a_1 instances:  51
  Class: sky130_fd_sc_hd__o311a_2 instances:  21
  Class: sky130_fd_sc_hd__o311a_4 instances:  18
  Class: sky130_fd_sc_hd__o22ai_1 instances:  20
  Class: sky130_fd_sc_hd__o22ai_2 instances:  18
  Class: sky130_fd_sc_hd__o22ai_4 instances:   2
  Class: sky130_fd_sc_hd__a22oi_1 instances:  53
  Class: sky130_fd_sc_hd__a22oi_2 instances:  12
  Class: sky130_fd_sc_hd__and4b_1 instances:  11
  Class: sky130_fd_sc_hd__and4b_2 instances:   1
  Class: sky130_fd_sc_hd__a22oi_4 instances:   4
  Class: sky130_fd_sc_hd__o21ai_1 instances: 532
  Class: sky130_fd_sc_hd__o21ai_2 instances:  46
  Class: sky130_fd_sc_hd__tapvpwrvgnd_1 instances: 102712
  Class: sky130_fd_sc_hd__o21ai_4 instances:  42
  Class: sky130_fd_sc_hd__a21oi_1 instances: 1056
  Class: sky130_fd_sc_hd__a21oi_2 instances: 102
  Class: sky130_fd_sc_hd__a21oi_4 instances:  48
  Class: sky130_fd_sc_hd__a311o_1 instances:  16
  Class: sky130_fd_sc_hd__a311o_2 instances:   9
  Class: sky130_fd_sc_hd__a311o_4 instances:  26
  Class: sky130_fd_sc_hd__fill_1 instances: 112189
  Class: sky130_fd_sc_hd__fill_2 instances: 63927
  Class: sky130_ef_sc_hd__decap_40_12 instances: 345629
  Class: sky130_fd_sc_hd__o211ai_1 instances:  46
  Class: sky130_fd_sc_hd__o211ai_2 instances:  42
  Class: sky130_fd_sc_hd__o211ai_4 instances:  15
  Class: sky130_fd_sc_hd__clkinv_16 instances:   2
  Class: sky130_fd_sc_hd__and4bb_1 instances:  11
  Class: sky130_fd_sc_hd__nor2_1 instances: 3159
  Class: sky130_fd_sc_hd__nor2_2 instances: 127
  Class: sky130_fd_sc_hd__nor2_4 instances: 215
  Class: sky130_fd_sc_hd__nor2_8 instances:  73
Circuit contains 50765 nets, and 313 disconnected pins.
Contents of circuit 2:  Circuit: 'senseedge_top'
Circuit senseedge_top contains 859089 device instances.
  Class: sky130_fd_sc_hd__bufinv_16 instances: 101
  Class: sky130_fd_sc_hd__o2111ai_1 instances:   1
  Class: sky130_fd_sc_hd__o2111ai_2 instances:   1
  Class: sky130_fd_sc_hd__o2111ai_4 instances:   1
  Class: sky130_fd_sc_hd__a41o_1 instances:  10
  Class: sky130_fd_sc_hd__a31o_1 instances: 462
  Class: sky130_fd_sc_hd__a31o_2 instances:  35
  Class: sky130_fd_sc_hd__a31o_4 instances:  33
  Class: sky130_fd_sc_hd__a21o_1 instances: 1286
  Class: sky130_fd_sc_hd__a21o_2 instances:  18
  Class: sky130_fd_sc_hd__a21o_4 instances:  18
  Class: sky130_fd_sc_hd__a2bb2oi_1 instances:   2
  Class: sky130_fd_sc_hd__a2bb2oi_2 instances:   1
  Class: sky130_fd_sc_hd__o32ai_2 instances:   1
  Class: sky130_fd_sc_hd__o32ai_4 instances:   4
  Class: sky130_fd_sc_hd__clkbuf_16 instances: 252
  Class: sky130_fd_sc_hd__dfxtp_1 instances: 6863
  Class: sky130_fd_sc_hd__dfxtp_2 instances:  74
  Class: sky130_fd_sc_hd__a32oi_2 instances:   1
  Class: sky130_fd_sc_hd__o31ai_1 instances:  11
  Class: sky130_fd_sc_hd__dfxtp_4 instances: 100
  Class: sky130_fd_sc_hd__a32oi_4 instances:   4
  Class: sky130_fd_sc_hd__o31ai_2 instances:   6
  Class: sky130_fd_sc_hd__o31ai_4 instances:  12
  Class: sky130_fd_sc_hd__or4_1 instances:  34
  Class: sky130_fd_sc_hd__or4_2 instances:   7
  Class: sky130_fd_sc_hd__or4_4 instances:  13
  Class: sky130_fd_sc_hd__a31oi_1 instances:  12
  Class: sky130_fd_sc_hd__a31oi_2 instances:  10
  Class: sky130_fd_sc_hd__nand4_1 instances:  99
  Class: sky130_fd_sc_hd__buf_1 instances:   6
  Class: sky130_fd_sc_hd__nand4_2 instances:   8
  Class: sky130_fd_sc_hd__buf_2 instances:  53
  Class: sky130_fd_sc_hd__a31oi_4 instances:   8
  Class: sky130_fd_sc_hd__nand4_4 instances:   3
  Class: sky130_fd_sc_hd__buf_4 instances: 684
  Class: sky130_fd_sc_hd__buf_6 instances: 456
  Class: sky130_fd_sc_hd__buf_8 instances: 672
  Class: sky130_fd_sc_hd__a2bb2o_1 instances:  51
  Class: sky130_fd_sc_hd__a2bb2o_2 instances:   6
  Class: sky130_fd_sc_hd__a2bb2o_4 instances:   4
  Class: sky130_fd_sc_hd__and3b_1 instances:  37
  Class: sky130_fd_sc_hd__and3b_2 instances:   3
  Class: sky130_fd_sc_hd__and3b_4 instances:   6
  Class: sky130_fd_sc_hd__xor2_1 instances: 803
  Class: sky130_fd_sc_hd__xor2_2 instances: 147
  Class: sky130_fd_sc_hd__xor2_4 instances:  34
  Class: sky130_fd_sc_hd__o221ai_1 instances:   1
  Class: sky130_fd_sc_hd__o221ai_2 instances:   3
  Class: sky130_fd_sc_hd__mux4_1 instances: 1003
  Class: sky130_fd_sc_hd__o221ai_4 instances:   9
  Class: sky130_fd_sc_hd__mux4_2 instances:  53
  Class: sky130_fd_sc_hd__and4_1 instances: 114
  Class: sky130_fd_sc_hd__and4_2 instances:   2
  Class: sky130_fd_sc_hd__and4_4 instances:   4
  Class: sky130_fd_sc_hd__inv_1 instances:   1
  Class: sky130_fd_sc_hd__inv_2 instances: 383
  Class: sky130_fd_sc_hd__inv_4 instances:  21
  Class: sky130_fd_sc_hd__inv_6 instances: 180
  Class: sky130_fd_sc_hd__inv_8 instances:  72
  Class: sky130_fd_sc_hd__clkbuf_1 instances:   5
  Class: sky130_fd_sc_hd__clkbuf_2 instances:  31
  Class: sky130_fd_sc_hd__clkbuf_4 instances: 242
  Class: sky130_fd_sc_hd__clkbuf_8 instances: 1605
  Class: sky130_fd_sc_hd__or3_1 instances: 306
  Class: sky130_fd_sc_hd__or3_2 instances:  17
  Class: sky130_fd_sc_hd__or3_4 instances:  59
  Class: sky130_fd_sc_hd__nand3_1 instances: 263
  Class: sky130_fd_sc_hd__nand3_2 instances:  24
  Class: sky130_fd_sc_hd__nand3_4 instances:   8
  Class: sky130_fd_sc_hd__o21ba_1 instances: 133
  Class: sky130_fd_sc_hd__o21ba_2 instances:   3
  Class: sky130_fd_sc_hd__o21ba_4 instances:   4
  Class: sky130_fd_sc_hd__and2b_1 instances: 528
  Class: sky130_fd_sc_hd__conb_1 instances: 150
  Class: sky130_fd_sc_hd__and2b_2 instances:   7
  Class: sky130_fd_sc_hd__and2b_4 instances:  11
  Class: sky130_fd_sc_hd__a21boi_1 instances:  67
  Class: sky130_fd_sc_hd__a21boi_2 instances:  18
  Class: sky130_fd_sc_hd__a21boi_4 instances:   5
  Class: sky130_fd_sc_hd__buf_12 instances: 191
  Class: sky130_fd_sc_hd__a21bo_1 instances: 854
  Class: sky130_fd_sc_hd__a21bo_2 instances:   1
  Class: sky130_fd_sc_hd__a21bo_4 instances:   3
  Class: sky130_fd_sc_hd__a221oi_1 instances:  19
  Class: sky130_fd_sc_hd__a221oi_2 instances:  25
  Class: sky130_fd_sc_hd__a221oi_4 instances:  18
  Class: sky130_fd_sc_hd__clkinv_1 instances:   1
  Class: sky130_fd_sc_hd__clkinv_2 instances:  83
  Class: sky130_fd_sc_hd__clkinv_4 instances: 114
  Class: sky130_fd_sc_hd__clkinv_8 instances:  26
  Class: sky130_fd_sc_hd__and3_1 instances: 760
  Class: sky130_fd_sc_hd__and3_2 instances:  18
  Class: sky130_fd_sc_hd__and3_4 instances:  15
  Class: sky130_fd_sc_hd__a2111o_1 instances:   4
  Class: sky130_fd_sc_hd__a2111o_4 instances:   2
  Class: sky130_fd_sc_hd__decap_3 instances: 15368
  Class: sky130_fd_sc_hd__decap_4 instances: 16494
  Class: sky130_fd_sc_hd__decap_6 instances: 85063
  Class: sky130_fd_sc_hd__decap_8 instances: 12365
  Class: sky130_fd_sc_hd__dlygate4sd3_1 instances: 3685
  Class: sky130_fd_sc_hd__or2_1 instances: 1251
  Class: sky130_fd_sc_hd__or2_2 instances:  58
  Class: sky130_fd_sc_hd__or2_4 instances: 239
  Class: sky130_fd_sc_hd__a2111oi_1 instances:   3
  Class: sky130_fd_sc_hd__nand2_1 instances: 2316
  Class: sky130_fd_sc_hd__nand2_2 instances:  87
  Class: sky130_fd_sc_hd__nand2_4 instances:  41
  Class: sky130_fd_sc_hd__nand2_8 instances:  57
  Class: sky130_fd_sc_hd__o311ai_2 instances:   1
  Class: sky130_fd_sc_hd__o311ai_4 instances:   4
  Class: sky130_fd_sc_hd__nand3b_1 instances:  12
  Class: sky130_fd_sc_hd__nand3b_2 instances:   3
  Class: sky130_fd_sc_hd__mux2_1 instances: 5002
  Class: sky130_fd_sc_hd__nand3b_4 instances:  10
  Class: sky130_fd_sc_hd__mux2_2 instances:  22
  Class: sky130_fd_sc_hd__mux2_4 instances:  18
  Class: sky130_fd_sc_hd__mux2_8 instances:  12
  Class: sky130_fd_sc_hd__o2bb2ai_1 instances:   5
  Class: sky130_fd_sc_hd__and2_1 instances: 1279
  Class: sky130_fd_sc_hd__a211oi_1 instances:  73
  Class: sky130_fd_sc_hd__and2_2 instances:  30
  Class: sky130_fd_sc_hd__a211oi_2 instances:  29
  Class: sky130_fd_sc_hd__and2_4 instances:  31
  Class: sky130_fd_sc_hd__a211oi_4 instances:  18
  Class: sky130_fd_sc_hd__or4b_1 instances:   8
  Class: sky130_fd_sc_hd__or4b_2 instances:   2
  Class: sky130_fd_sc_hd__or4b_4 instances:   9
  Class: sky130_fd_sc_hd__clkinvlp_4 instances:  98
  Class: sky130_fd_sc_hd__nor4_1 instances:   1
  Class: sky130_fd_sc_hd__nor4_2 instances:   1
  Class: sky130_fd_sc_hd__nor4_4 instances:   2
  Class: sky130_fd_sc_hd__inv_12 instances:  15
  Class: sky130_fd_sc_hd__inv_16 instances:   1
  Class: sky130_fd_sc_hd__o32a_1 instances:  28
  Class: sky130_fd_sc_hd__o32a_2 instances:   9
  Class: sky130_fd_sc_hd__o32a_4 instances:  19
  Class: sky130_fd_sc_hd__o22a_1 instances: 792
  Class: sky130_fd_sc_hd__o22a_2 instances:   6
  Class: sky130_fd_sc_hd__o22a_4 instances:  33
  Class: sky130_fd_sc_hd__xnor2_1 instances: 1409
  Class: sky130_fd_sc_hd__xnor2_2 instances: 220
  Class: sky130_fd_sc_hd__xnor2_4 instances: 106
  Class: sky130_fd_sc_hd__nor3b_1 instances:   4
  Class: sky130_fd_sc_hd__nor3b_2 instances:   2
  Class: sky130_fd_sc_hd__nor3b_4 instances:   4
  Class: sky130_fd_sc_hd__o221a_1 instances: 462
  Class: sky130_fd_sc_hd__o221a_2 instances:  34
  Class: sky130_fd_sc_hd__o221a_4 instances:  41
  Class: sky130_fd_sc_hd__o21bai_1 instances:  63
  Class: sky130_fd_sc_hd__o21bai_2 instances:  16
  Class: sky130_fd_sc_hd__o21bai_4 instances:   2
  Class: sky130_fd_sc_hd__o211a_1 instances: 1255
  Class: sky130_fd_sc_hd__o211a_2 instances:  12
  Class: sky130_fd_sc_hd__o211a_4 instances:  16
  Class: sky130_fd_sc_hd__nand2b_1 instances: 378
  Class: sky130_fd_sc_hd__nand2b_2 instances:  10
  Class: sky130_fd_sc_hd__nand2b_4 instances:   5
  Class: sky130_fd_sc_hd__diode_2 instances: 54761
  Class: sky130_fd_sc_hd__a311oi_1 instances:   4
  Class: sky130_fd_sc_hd__a311oi_2 instances:   1
  Class: sky130_fd_sc_hd__a311oi_4 instances:   5
  Class: sky130_fd_sc_hd__a221o_1 instances: 2481
  Class: sky130_fd_sc_hd__a221o_2 instances:  19
  Class: sky130_fd_sc_hd__a221o_4 instances:  21
  Class: sky130_fd_sc_hd__a211o_1 instances: 765
  Class: sky130_fd_sc_hd__a211o_2 instances:  19
  Class: sky130_fd_sc_hd__a211o_4 instances:  21
  Class: sky130_fd_sc_hd__o2111a_1 instances:   5
  Class: sky130_fd_sc_hd__o2111a_4 instances:   3
  Class: sky130_fd_sc_hd__or3b_1 instances: 106
  Class: sky130_fd_sc_hd__or3b_2 instances:   5
  Class: sky130_fd_sc_hd__or3b_4 instances:  41
  Class: sky130_fd_sc_hd__dlymetal6s2s_1 instances:   3
  Class: sky130_fd_sc_hd__or4bb_1 instances:   4
  Class: sky130_fd_sc_hd__nor3_1 instances: 114
  Class: sky130_fd_sc_hd__nor3_2 instances:   4
  Class: sky130_fd_sc_hd__or4bb_4 instances:   3
  Class: sky130_fd_sc_hd__nor3_4 instances:   9
  Class: sky130_fd_sc_hd__a32o_1 instances:  85
  Class: sky130_fd_sc_hd__a32o_2 instances:   9
  Class: sky130_fd_sc_hd__a32o_4 instances:  22
  Class: sky130_fd_sc_hd__o41a_1 instances:   3
  Class: sky130_fd_sc_hd__a22o_1 instances: 677
  Class: sky130_fd_sc_hd__a22o_2 instances:   3
  Class: sky130_fd_sc_hd__a22o_4 instances:   6
  Class: sky130_fd_sc_hd__o31a_1 instances: 192
  Class: sky130_fd_sc_hd__o31a_2 instances:   7
  Class: sky130_fd_sc_hd__o31a_4 instances:  16
  Class: sky130_fd_sc_hd__o2bb2a_1 instances: 101
  Class: sky130_fd_sc_hd__o2bb2a_2 instances:   5
  Class: sky130_fd_sc_hd__o2bb2a_4 instances:   2
  Class: sky130_fd_sc_hd__o21a_1 instances: 746
  Class: sky130_fd_sc_hd__o21a_2 instances:   6
  Class: sky130_fd_sc_hd__o41ai_2 instances:   1
  Class: sky130_fd_sc_hd__o21a_4 instances:  20
  Class: sky130_fd_sc_hd__o41ai_4 instances:   1
  Class: sky130_fd_sc_hd__o311a_1 instances:  51
  Class: sky130_fd_sc_hd__o311a_2 instances:  21
  Class: sky130_fd_sc_hd__o311a_4 instances:  18
  Class: sky130_fd_sc_hd__o22ai_1 instances:  20
  Class: sky130_fd_sc_hd__o22ai_2 instances:  18
  Class: sky130_fd_sc_hd__o22ai_4 instances:   2
  Class: sky130_fd_sc_hd__a22oi_1 instances:  53
  Class: sky130_fd_sc_hd__a22oi_2 instances:  12
  Class: sky130_fd_sc_hd__and4b_1 instances:  11
  Class: sky130_fd_sc_hd__o21ai_1 instances: 532
  Class: sky130_fd_sc_hd__and4b_2 instances:   1
  Class: sky130_fd_sc_hd__a22oi_4 instances:   4
  Class: sky130_fd_sc_hd__tapvpwrvgnd_1 instances: 102712
  Class: sky130_fd_sc_hd__o21ai_2 instances:  46
  Class: sky130_fd_sc_hd__o21ai_4 instances:  42
  Class: sky130_fd_sc_hd__a21oi_1 instances: 1056
  Class: sky130_fd_sc_hd__a21oi_2 instances: 102
  Class: sky130_fd_sc_hd__a311o_1 instances:  16
  Class: sky130_fd_sc_hd__a21oi_4 instances:  48
  Class: sky130_fd_sc_hd__a311o_2 instances:   9
  Class: sky130_fd_sc_hd__a311o_4 instances:  26
  Class: sky130_fd_sc_hd__fill_1 instances: 112189
  Class: sky130_fd_sc_hd__fill_2 instances: 63927
  Class: sky130_ef_sc_hd__decap_40_12 instances: 345629
  Class: sky130_fd_sc_hd__o211ai_1 instances:  46
  Class: sky130_fd_sc_hd__o211ai_2 instances:  42
  Class: sky130_fd_sc_hd__o211ai_4 instances:  15
  Class: sky130_fd_sc_hd__clkinv_16 instances:   2
  Class: sky130_fd_sc_hd__and4bb_1 instances:  11
  Class: sky130_fd_sc_hd__nor2_1 instances: 3159
  Class: sky130_fd_sc_hd__nor2_2 instances: 127
  Class: sky130_fd_sc_hd__nor2_4 instances: 215
  Class: sky130_fd_sc_hd__nor2_8 instances:  73
Circuit contains 50765 nets, and 313 disconnected pins.

Circuit was modified by parallel/series device merging.
New circuit summary:

Contents of circuit 1:  Circuit: 'senseedge_top'
Circuit senseedge_top contains 55461 device instances.
  Class: sky130_fd_sc_hd__bufinv_16 instances: 101
  Class: sky130_fd_sc_hd__o2111ai_1 instances:   1
  Class: sky130_fd_sc_hd__o2111ai_2 instances:   1
  Class: sky130_fd_sc_hd__o2111ai_4 instances:   1
  Class: sky130_fd_sc_hd__a41o_1 instances:  10
  Class: sky130_fd_sc_hd__a31o_1 instances: 462
  Class: sky130_fd_sc_hd__a31o_2 instances:  35
  Class: sky130_fd_sc_hd__a31o_4 instances:  33
  Class: sky130_fd_sc_hd__a21o_1 instances: 1286
  Class: sky130_fd_sc_hd__a21o_2 instances:  18
  Class: sky130_fd_sc_hd__a21o_4 instances:  18
  Class: sky130_fd_sc_hd__a2bb2oi_1 instances:   2
  Class: sky130_fd_sc_hd__a2bb2oi_2 instances:   1
  Class: sky130_fd_sc_hd__o32ai_2 instances:   1
  Class: sky130_fd_sc_hd__o32ai_4 instances:   4
  Class: sky130_fd_sc_hd__clkbuf_16 instances: 252
  Class: sky130_fd_sc_hd__dfxtp_1 instances: 6863
  Class: sky130_fd_sc_hd__a32oi_2 instances:   1
  Class: sky130_fd_sc_hd__dfxtp_2 instances:  74
  Class: sky130_fd_sc_hd__a32oi_4 instances:   4
  Class: sky130_fd_sc_hd__dfxtp_4 instances: 100
  Class: sky130_fd_sc_hd__o31ai_1 instances:  11
  Class: sky130_fd_sc_hd__o31ai_2 instances:   6
  Class: sky130_fd_sc_hd__o31ai_4 instances:  12
  Class: sky130_fd_sc_hd__or4_1 instances:  34
  Class: sky130_fd_sc_hd__or4_2 instances:   7
  Class: sky130_fd_sc_hd__or4_4 instances:  13
  Class: sky130_fd_sc_hd__a31oi_1 instances:  12
  Class: sky130_fd_sc_hd__a31oi_2 instances:  10
  Class: sky130_fd_sc_hd__buf_1 instances:   6
  Class: sky130_fd_sc_hd__nand4_1 instances:  99
  Class: sky130_fd_sc_hd__nand4_2 instances:   8
  Class: sky130_fd_sc_hd__a31oi_4 instances:   8
  Class: sky130_fd_sc_hd__buf_2 instances:  53
  Class: sky130_fd_sc_hd__nand4_4 instances:   3
  Class: sky130_fd_sc_hd__buf_4 instances: 684
  Class: sky130_fd_sc_hd__buf_6 instances: 456
  Class: sky130_fd_sc_hd__buf_8 instances: 672
  Class: sky130_fd_sc_hd__a2bb2o_1 instances:  51
  Class: sky130_fd_sc_hd__a2bb2o_2 instances:   6
  Class: sky130_fd_sc_hd__a2bb2o_4 instances:   4
  Class: sky130_fd_sc_hd__and3b_1 instances:  37
  Class: sky130_fd_sc_hd__and3b_2 instances:   3
  Class: sky130_fd_sc_hd__and3b_4 instances:   6
  Class: sky130_fd_sc_hd__xor2_1 instances: 803
  Class: sky130_fd_sc_hd__xor2_2 instances: 147
  Class: sky130_fd_sc_hd__o221ai_1 instances:   1
  Class: sky130_fd_sc_hd__xor2_4 instances:  34
  Class: sky130_fd_sc_hd__o221ai_2 instances:   3
  Class: sky130_fd_sc_hd__mux4_1 instances: 1003
  Class: sky130_fd_sc_hd__o221ai_4 instances:   9
  Class: sky130_fd_sc_hd__mux4_2 instances:  53
  Class: sky130_fd_sc_hd__and4_1 instances: 114
  Class: sky130_fd_sc_hd__and4_2 instances:   2
  Class: sky130_fd_sc_hd__and4_4 instances:   4
  Class: sky130_fd_sc_hd__inv_1 instances:   1
  Class: sky130_fd_sc_hd__inv_2 instances: 383
  Class: sky130_fd_sc_hd__inv_4 instances:  21
  Class: sky130_fd_sc_hd__inv_6 instances: 180
  Class: sky130_fd_sc_hd__inv_8 instances:  72
  Class: sky130_fd_sc_hd__clkbuf_1 instances:   5
  Class: sky130_fd_sc_hd__clkbuf_2 instances:  31
  Class: sky130_fd_sc_hd__clkbuf_4 instances: 242
  Class: sky130_fd_sc_hd__clkbuf_8 instances: 1605
  Class: sky130_fd_sc_hd__or3_1 instances: 306
  Class: sky130_fd_sc_hd__or3_2 instances:  17
  Class: sky130_fd_sc_hd__or3_4 instances:  59
  Class: sky130_fd_sc_hd__nand3_1 instances: 263
  Class: sky130_fd_sc_hd__nand3_2 instances:  24
  Class: sky130_fd_sc_hd__nand3_4 instances:   8
  Class: sky130_fd_sc_hd__o21ba_1 instances: 133
  Class: sky130_fd_sc_hd__o21ba_2 instances:   3
  Class: sky130_fd_sc_hd__o21ba_4 instances:   4
  Class: sky130_fd_sc_hd__and2b_1 instances: 528
  Class: sky130_fd_sc_hd__and2b_2 instances:   7
  Class: sky130_fd_sc_hd__conb_1 instances: 150
  Class: sky130_fd_sc_hd__and2b_4 instances:  11
  Class: sky130_fd_sc_hd__a21boi_1 instances:  67
  Class: sky130_fd_sc_hd__a21boi_2 instances:  18
  Class: sky130_fd_sc_hd__a21boi_4 instances:   5
  Class: sky130_fd_sc_hd__buf_12 instances: 191
  Class: sky130_fd_sc_hd__a21bo_1 instances: 854
  Class: sky130_fd_sc_hd__a21bo_2 instances:   1
  Class: sky130_fd_sc_hd__a21bo_4 instances:   3
  Class: sky130_fd_sc_hd__a221oi_1 instances:  19
  Class: sky130_fd_sc_hd__a221oi_2 instances:  25
  Class: sky130_fd_sc_hd__a221oi_4 instances:  18
  Class: sky130_fd_sc_hd__clkinv_1 instances:   1
  Class: sky130_fd_sc_hd__clkinv_2 instances:  83
  Class: sky130_fd_sc_hd__clkinv_4 instances: 114
  Class: sky130_fd_sc_hd__clkinv_8 instances:  26
  Class: sky130_fd_sc_hd__and3_1 instances: 760
  Class: sky130_fd_sc_hd__and3_2 instances:  18
  Class: sky130_fd_sc_hd__and3_4 instances:  15
  Class: sky130_fd_sc_hd__a2111o_1 instances:   4
  Class: sky130_fd_sc_hd__a2111o_4 instances:   2
  Class: sky130_fd_sc_hd__decap_3 instances:   1
  Class: sky130_fd_sc_hd__decap_4 instances:   1
  Class: sky130_fd_sc_hd__decap_6 instances:   1
  Class: sky130_fd_sc_hd__decap_8 instances:   1
  Class: sky130_fd_sc_hd__dlygate4sd3_1 instances: 3685
  Class: sky130_fd_sc_hd__or2_1 instances: 1251
  Class: sky130_fd_sc_hd__or2_2 instances:  58
  Class: sky130_fd_sc_hd__a2111oi_1 instances:   3
  Class: sky130_fd_sc_hd__or2_4 instances: 239
  Class: sky130_fd_sc_hd__nand2_1 instances: 2316
  Class: sky130_fd_sc_hd__nand2_2 instances:  87
  Class: sky130_fd_sc_hd__nand2_4 instances:  41
  Class: sky130_fd_sc_hd__nand2_8 instances:  57
  Class: sky130_fd_sc_hd__o311ai_2 instances:   1
  Class: sky130_fd_sc_hd__o311ai_4 instances:   4
  Class: sky130_fd_sc_hd__nand3b_1 instances:  12
  Class: sky130_fd_sc_hd__nand3b_2 instances:   3
  Class: sky130_fd_sc_hd__mux2_1 instances: 5002
  Class: sky130_fd_sc_hd__nand3b_4 instances:  10
  Class: sky130_fd_sc_hd__mux2_2 instances:  22
  Class: sky130_fd_sc_hd__mux2_4 instances:  18
  Class: sky130_fd_sc_hd__mux2_8 instances:  12
  Class: sky130_fd_sc_hd__o2bb2ai_1 instances:   5
  Class: sky130_fd_sc_hd__a211oi_1 instances:  73
  Class: sky130_fd_sc_hd__and2_1 instances: 1279
  Class: sky130_fd_sc_hd__a211oi_2 instances:  29
  Class: sky130_fd_sc_hd__and2_2 instances:  30
  Class: sky130_fd_sc_hd__a211oi_4 instances:  18
  Class: sky130_fd_sc_hd__and2_4 instances:  31
  Class: sky130_fd_sc_hd__or4b_1 instances:   8
  Class: sky130_fd_sc_hd__or4b_2 instances:   2
  Class: sky130_fd_sc_hd__or4b_4 instances:   9
  Class: sky130_fd_sc_hd__clkinvlp_4 instances:  98
  Class: sky130_fd_sc_hd__nor4_1 instances:   1
  Class: sky130_fd_sc_hd__nor4_2 instances:   1
  Class: sky130_fd_sc_hd__nor4_4 instances:   2
  Class: sky130_fd_sc_hd__inv_12 instances:  15
  Class: sky130_fd_sc_hd__inv_16 instances:   1
  Class: sky130_fd_sc_hd__o32a_1 instances:  28
  Class: sky130_fd_sc_hd__o32a_2 instances:   9
  Class: sky130_fd_sc_hd__o32a_4 instances:  19
  Class: sky130_fd_sc_hd__o22a_1 instances: 792
  Class: sky130_fd_sc_hd__o22a_2 instances:   6
  Class: sky130_fd_sc_hd__o22a_4 instances:  33
  Class: sky130_fd_sc_hd__xnor2_1 instances: 1409
  Class: sky130_fd_sc_hd__xnor2_2 instances: 220
  Class: sky130_fd_sc_hd__xnor2_4 instances: 106
  Class: sky130_fd_sc_hd__nor3b_1 instances:   4
  Class: sky130_fd_sc_hd__nor3b_2 instances:   2
  Class: sky130_fd_sc_hd__nor3b_4 instances:   4
  Class: sky130_fd_sc_hd__o221a_1 instances: 462
  Class: sky130_fd_sc_hd__o221a_2 instances:  34
  Class: sky130_fd_sc_hd__o221a_4 instances:  41
  Class: sky130_fd_sc_hd__o21bai_1 instances:  63
  Class: sky130_fd_sc_hd__o21bai_2 instances:  16
  Class: sky130_fd_sc_hd__o21bai_4 instances:   2
  Class: sky130_fd_sc_hd__o211a_1 instances: 1255
  Class: sky130_fd_sc_hd__o211a_2 instances:  12
  Class: sky130_fd_sc_hd__o211a_4 instances:  16
  Class: sky130_fd_sc_hd__nand2b_1 instances: 378
  Class: sky130_fd_sc_hd__nand2b_2 instances:  10
  Class: sky130_fd_sc_hd__nand2b_4 instances:   5
  Class: sky130_fd_sc_hd__a311oi_1 instances:   4
  Class: sky130_fd_sc_hd__diode_2 instances: 4872
  Class: sky130_fd_sc_hd__a311oi_2 instances:   1
  Class: sky130_fd_sc_hd__a311oi_4 instances:   5
  Class: sky130_fd_sc_hd__a221o_1 instances: 2481
  Class: sky130_fd_sc_hd__a221o_2 instances:  19
  Class: sky130_fd_sc_hd__a221o_4 instances:  21
  Class: sky130_fd_sc_hd__a211o_1 instances: 765
  Class: sky130_fd_sc_hd__a211o_2 instances:  19
  Class: sky130_fd_sc_hd__a211o_4 instances:  21
  Class: sky130_fd_sc_hd__o2111a_1 instances:   5
  Class: sky130_fd_sc_hd__o2111a_4 instances:   3
  Class: sky130_fd_sc_hd__or3b_1 instances: 106
  Class: sky130_fd_sc_hd__or3b_2 instances:   5
  Class: sky130_fd_sc_hd__or3b_4 instances:  41
  Class: sky130_fd_sc_hd__dlymetal6s2s_1 instances:   3
  Class: sky130_fd_sc_hd__or4bb_1 instances:   4
  Class: sky130_fd_sc_hd__nor3_1 instances: 114
  Class: sky130_fd_sc_hd__nor3_2 instances:   4
  Class: sky130_fd_sc_hd__or4bb_4 instances:   3
  Class: sky130_fd_sc_hd__nor3_4 instances:   9
  Class: sky130_fd_sc_hd__a32o_1 instances:  85
  Class: sky130_fd_sc_hd__a32o_2 instances:   9
  Class: sky130_fd_sc_hd__a32o_4 instances:  22
  Class: sky130_fd_sc_hd__o41a_1 instances:   3
  Class: sky130_fd_sc_hd__a22o_1 instances: 677
  Class: sky130_fd_sc_hd__a22o_2 instances:   3
  Class: sky130_fd_sc_hd__a22o_4 instances:   6
  Class: sky130_fd_sc_hd__o31a_1 instances: 192
  Class: sky130_fd_sc_hd__o31a_2 instances:   7
  Class: sky130_fd_sc_hd__o31a_4 instances:  16
  Class: sky130_fd_sc_hd__o2bb2a_1 instances: 101
  Class: sky130_fd_sc_hd__o2bb2a_2 instances:   5
  Class: sky130_fd_sc_hd__o2bb2a_4 instances:   2
  Class: sky130_fd_sc_hd__o21a_1 instances: 746
  Class: sky130_fd_sc_hd__o21a_2 instances:   6
  Class: sky130_fd_sc_hd__o41ai_2 instances:   1
  Class: sky130_fd_sc_hd__o21a_4 instances:  20
  Class: sky130_fd_sc_hd__o41ai_4 instances:   1
  Class: sky130_fd_sc_hd__o311a_1 instances:  51
  Class: sky130_fd_sc_hd__o311a_2 instances:  21
  Class: sky130_fd_sc_hd__o311a_4 instances:  18
  Class: sky130_fd_sc_hd__o22ai_1 instances:  20
  Class: sky130_fd_sc_hd__o22ai_2 instances:  18
  Class: sky130_fd_sc_hd__o22ai_4 instances:   2
  Class: sky130_fd_sc_hd__a22oi_1 instances:  53
  Class: sky130_fd_sc_hd__a22oi_2 instances:  12
  Class: sky130_fd_sc_hd__and4b_1 instances:  11
  Class: sky130_fd_sc_hd__and4b_2 instances:   1
  Class: sky130_fd_sc_hd__a22oi_4 instances:   4
  Class: sky130_fd_sc_hd__o21ai_1 instances: 532
  Class: sky130_fd_sc_hd__o21ai_2 instances:  46
  Class: sky130_fd_sc_hd__tapvpwrvgnd_1 instances:   1
  Class: sky130_fd_sc_hd__o21ai_4 instances:  42
  Class: sky130_fd_sc_hd__a21oi_1 instances: 1056
  Class: sky130_fd_sc_hd__a21oi_2 instances: 102
  Class: sky130_fd_sc_hd__a21oi_4 instances:  48
  Class: sky130_fd_sc_hd__a311o_1 instances:  16
  Class: sky130_fd_sc_hd__a311o_2 instances:   9
  Class: sky130_fd_sc_hd__a311o_4 instances:  26
  Class: sky130_fd_sc_hd__fill_1 instances:   1
  Class: sky130_fd_sc_hd__fill_2 instances:   1
  Class: sky130_ef_sc_hd__decap_40_12 instances:   1
  Class: sky130_fd_sc_hd__o211ai_1 instances:  46
  Class: sky130_fd_sc_hd__o211ai_2 instances:  42
  Class: sky130_fd_sc_hd__o211ai_4 instances:  15
  Class: sky130_fd_sc_hd__clkinv_16 instances:   2
  Class: sky130_fd_sc_hd__and4bb_1 instances:  11
  Class: sky130_fd_sc_hd__nor2_1 instances: 3159
  Class: sky130_fd_sc_hd__nor2_2 instances: 127
  Class: sky130_fd_sc_hd__nor2_4 instances: 215
  Class: sky130_fd_sc_hd__nor2_8 instances:  73
Circuit contains 50765 nets, and 313 disconnected pins.
Contents of circuit 2:  Circuit: 'senseedge_top'
Circuit senseedge_top contains 55461 device instances.
  Class: sky130_fd_sc_hd__bufinv_16 instances: 101
  Class: sky130_fd_sc_hd__o2111ai_1 instances:   1
  Class: sky130_fd_sc_hd__o2111ai_2 instances:   1
  Class: sky130_fd_sc_hd__o2111ai_4 instances:   1
  Class: sky130_fd_sc_hd__a41o_1 instances:  10
  Class: sky130_fd_sc_hd__a31o_1 instances: 462
  Class: sky130_fd_sc_hd__a31o_2 instances:  35
  Class: sky130_fd_sc_hd__a31o_4 instances:  33
  Class: sky130_fd_sc_hd__a21o_1 instances: 1286
  Class: sky130_fd_sc_hd__a21o_2 instances:  18
  Class: sky130_fd_sc_hd__a21o_4 instances:  18
  Class: sky130_fd_sc_hd__a2bb2oi_1 instances:   2
  Class: sky130_fd_sc_hd__a2bb2oi_2 instances:   1
  Class: sky130_fd_sc_hd__o32ai_2 instances:   1
  Class: sky130_fd_sc_hd__o32ai_4 instances:   4
  Class: sky130_fd_sc_hd__clkbuf_16 instances: 252
  Class: sky130_fd_sc_hd__dfxtp_1 instances: 6863
  Class: sky130_fd_sc_hd__dfxtp_2 instances:  74
  Class: sky130_fd_sc_hd__a32oi_2 instances:   1
  Class: sky130_fd_sc_hd__o31ai_1 instances:  11
  Class: sky130_fd_sc_hd__dfxtp_4 instances: 100
  Class: sky130_fd_sc_hd__a32oi_4 instances:   4
  Class: sky130_fd_sc_hd__o31ai_2 instances:   6
  Class: sky130_fd_sc_hd__o31ai_4 instances:  12
  Class: sky130_fd_sc_hd__or4_1 instances:  34
  Class: sky130_fd_sc_hd__or4_2 instances:   7
  Class: sky130_fd_sc_hd__or4_4 instances:  13
  Class: sky130_fd_sc_hd__a31oi_1 instances:  12
  Class: sky130_fd_sc_hd__a31oi_2 instances:  10
  Class: sky130_fd_sc_hd__nand4_1 instances:  99
  Class: sky130_fd_sc_hd__buf_1 instances:   6
  Class: sky130_fd_sc_hd__nand4_2 instances:   8
  Class: sky130_fd_sc_hd__buf_2 instances:  53
  Class: sky130_fd_sc_hd__a31oi_4 instances:   8
  Class: sky130_fd_sc_hd__nand4_4 instances:   3
  Class: sky130_fd_sc_hd__buf_4 instances: 684
  Class: sky130_fd_sc_hd__buf_6 instances: 456
  Class: sky130_fd_sc_hd__buf_8 instances: 672
  Class: sky130_fd_sc_hd__a2bb2o_1 instances:  51
  Class: sky130_fd_sc_hd__a2bb2o_2 instances:   6
  Class: sky130_fd_sc_hd__a2bb2o_4 instances:   4
  Class: sky130_fd_sc_hd__and3b_1 instances:  37
  Class: sky130_fd_sc_hd__and3b_2 instances:   3
  Class: sky130_fd_sc_hd__and3b_4 instances:   6
  Class: sky130_fd_sc_hd__xor2_1 instances: 803
  Class: sky130_fd_sc_hd__xor2_2 instances: 147
  Class: sky130_fd_sc_hd__xor2_4 instances:  34
  Class: sky130_fd_sc_hd__o221ai_1 instances:   1
  Class: sky130_fd_sc_hd__o221ai_2 instances:   3
  Class: sky130_fd_sc_hd__mux4_1 instances: 1003
  Class: sky130_fd_sc_hd__o221ai_4 instances:   9
  Class: sky130_fd_sc_hd__mux4_2 instances:  53
  Class: sky130_fd_sc_hd__and4_1 instances: 114
  Class: sky130_fd_sc_hd__and4_2 instances:   2
  Class: sky130_fd_sc_hd__and4_4 instances:   4
  Class: sky130_fd_sc_hd__inv_1 instances:   1
  Class: sky130_fd_sc_hd__inv_2 instances: 383
  Class: sky130_fd_sc_hd__inv_4 instances:  21
  Class: sky130_fd_sc_hd__inv_6 instances: 180
  Class: sky130_fd_sc_hd__inv_8 instances:  72
  Class: sky130_fd_sc_hd__clkbuf_1 instances:   5
  Class: sky130_fd_sc_hd__clkbuf_2 instances:  31
  Class: sky130_fd_sc_hd__clkbuf_4 instances: 242
  Class: sky130_fd_sc_hd__clkbuf_8 instances: 1605
  Class: sky130_fd_sc_hd__or3_1 instances: 306
  Class: sky130_fd_sc_hd__or3_2 instances:  17
  Class: sky130_fd_sc_hd__or3_4 instances:  59
  Class: sky130_fd_sc_hd__nand3_1 instances: 263
  Class: sky130_fd_sc_hd__nand3_2 instances:  24
  Class: sky130_fd_sc_hd__nand3_4 instances:   8
  Class: sky130_fd_sc_hd__o21ba_1 instances: 133
  Class: sky130_fd_sc_hd__o21ba_2 instances:   3
  Class: sky130_fd_sc_hd__o21ba_4 instances:   4
  Class: sky130_fd_sc_hd__and2b_1 instances: 528
  Class: sky130_fd_sc_hd__conb_1 instances: 150
  Class: sky130_fd_sc_hd__and2b_2 instances:   7
  Class: sky130_fd_sc_hd__and2b_4 instances:  11
  Class: sky130_fd_sc_hd__a21boi_1 instances:  67
  Class: sky130_fd_sc_hd__a21boi_2 instances:  18
  Class: sky130_fd_sc_hd__a21boi_4 instances:   5
  Class: sky130_fd_sc_hd__buf_12 instances: 191
  Class: sky130_fd_sc_hd__a21bo_1 instances: 854
  Class: sky130_fd_sc_hd__a21bo_2 instances:   1
  Class: sky130_fd_sc_hd__a21bo_4 instances:   3
  Class: sky130_fd_sc_hd__a221oi_1 instances:  19
  Class: sky130_fd_sc_hd__a221oi_2 instances:  25
  Class: sky130_fd_sc_hd__a221oi_4 instances:  18
  Class: sky130_fd_sc_hd__clkinv_1 instances:   1
  Class: sky130_fd_sc_hd__clkinv_2 instances:  83
  Class: sky130_fd_sc_hd__clkinv_4 instances: 114
  Class: sky130_fd_sc_hd__clkinv_8 instances:  26
  Class: sky130_fd_sc_hd__and3_1 instances: 760
  Class: sky130_fd_sc_hd__and3_2 instances:  18
  Class: sky130_fd_sc_hd__and3_4 instances:  15
  Class: sky130_fd_sc_hd__a2111o_1 instances:   4
  Class: sky130_fd_sc_hd__a2111o_4 instances:   2
  Class: sky130_fd_sc_hd__decap_3 instances:   1
  Class: sky130_fd_sc_hd__decap_4 instances:   1
  Class: sky130_fd_sc_hd__decap_6 instances:   1
  Class: sky130_fd_sc_hd__decap_8 instances:   1
  Class: sky130_fd_sc_hd__dlygate4sd3_1 instances: 3685
  Class: sky130_fd_sc_hd__or2_1 instances: 1251
  Class: sky130_fd_sc_hd__or2_2 instances:  58
  Class: sky130_fd_sc_hd__or2_4 instances: 239
  Class: sky130_fd_sc_hd__a2111oi_1 instances:   3
  Class: sky130_fd_sc_hd__nand2_1 instances: 2316
  Class: sky130_fd_sc_hd__nand2_2 instances:  87
  Class: sky130_fd_sc_hd__nand2_4 instances:  41
  Class: sky130_fd_sc_hd__nand2_8 instances:  57
  Class: sky130_fd_sc_hd__o311ai_2 instances:   1
  Class: sky130_fd_sc_hd__o311ai_4 instances:   4
  Class: sky130_fd_sc_hd__nand3b_1 instances:  12
  Class: sky130_fd_sc_hd__nand3b_2 instances:   3
  Class: sky130_fd_sc_hd__mux2_1 instances: 5002
  Class: sky130_fd_sc_hd__nand3b_4 instances:  10
  Class: sky130_fd_sc_hd__mux2_2 instances:  22
  Class: sky130_fd_sc_hd__mux2_4 instances:  18
  Class: sky130_fd_sc_hd__mux2_8 instances:  12
  Class: sky130_fd_sc_hd__o2bb2ai_1 instances:   5
  Class: sky130_fd_sc_hd__and2_1 instances: 1279
  Class: sky130_fd_sc_hd__a211oi_1 instances:  73
  Class: sky130_fd_sc_hd__and2_2 instances:  30
  Class: sky130_fd_sc_hd__a211oi_2 instances:  29
  Class: sky130_fd_sc_hd__and2_4 instances:  31
  Class: sky130_fd_sc_hd__a211oi_4 instances:  18
  Class: sky130_fd_sc_hd__or4b_1 instances:   8
  Class: sky130_fd_sc_hd__or4b_2 instances:   2
  Class: sky130_fd_sc_hd__or4b_4 instances:   9
  Class: sky130_fd_sc_hd__clkinvlp_4 instances:  98
  Class: sky130_fd_sc_hd__nor4_1 instances:   1
  Class: sky130_fd_sc_hd__nor4_2 instances:   1
  Class: sky130_fd_sc_hd__nor4_4 instances:   2
  Class: sky130_fd_sc_hd__inv_12 instances:  15
  Class: sky130_fd_sc_hd__inv_16 instances:   1
  Class: sky130_fd_sc_hd__o32a_1 instances:  28
  Class: sky130_fd_sc_hd__o32a_2 instances:   9
  Class: sky130_fd_sc_hd__o32a_4 instances:  19
  Class: sky130_fd_sc_hd__o22a_1 instances: 792
  Class: sky130_fd_sc_hd__o22a_2 instances:   6
  Class: sky130_fd_sc_hd__o22a_4 instances:  33
  Class: sky130_fd_sc_hd__xnor2_1 instances: 1409
  Class: sky130_fd_sc_hd__xnor2_2 instances: 220
  Class: sky130_fd_sc_hd__xnor2_4 instances: 106
  Class: sky130_fd_sc_hd__nor3b_1 instances:   4
  Class: sky130_fd_sc_hd__nor3b_2 instances:   2
  Class: sky130_fd_sc_hd__nor3b_4 instances:   4
  Class: sky130_fd_sc_hd__o221a_1 instances: 462
  Class: sky130_fd_sc_hd__o221a_2 instances:  34
  Class: sky130_fd_sc_hd__o221a_4 instances:  41
  Class: sky130_fd_sc_hd__o21bai_1 instances:  63
  Class: sky130_fd_sc_hd__o21bai_2 instances:  16
  Class: sky130_fd_sc_hd__o21bai_4 instances:   2
  Class: sky130_fd_sc_hd__o211a_1 instances: 1255
  Class: sky130_fd_sc_hd__o211a_2 instances:  12
  Class: sky130_fd_sc_hd__o211a_4 instances:  16
  Class: sky130_fd_sc_hd__nand2b_1 instances: 378
  Class: sky130_fd_sc_hd__nand2b_2 instances:  10
  Class: sky130_fd_sc_hd__nand2b_4 instances:   5
  Class: sky130_fd_sc_hd__diode_2 instances: 4872
  Class: sky130_fd_sc_hd__a311oi_1 instances:   4
  Class: sky130_fd_sc_hd__a311oi_2 instances:   1
  Class: sky130_fd_sc_hd__a311oi_4 instances:   5
  Class: sky130_fd_sc_hd__a221o_1 instances: 2481
  Class: sky130_fd_sc_hd__a221o_2 instances:  19
  Class: sky130_fd_sc_hd__a221o_4 instances:  21
  Class: sky130_fd_sc_hd__a211o_1 instances: 765
  Class: sky130_fd_sc_hd__a211o_2 instances:  19
  Class: sky130_fd_sc_hd__a211o_4 instances:  21
  Class: sky130_fd_sc_hd__o2111a_1 instances:   5
  Class: sky130_fd_sc_hd__o2111a_4 instances:   3
  Class: sky130_fd_sc_hd__or3b_1 instances: 106
  Class: sky130_fd_sc_hd__or3b_2 instances:   5
  Class: sky130_fd_sc_hd__or3b_4 instances:  41
  Class: sky130_fd_sc_hd__dlymetal6s2s_1 instances:   3
  Class: sky130_fd_sc_hd__or4bb_1 instances:   4
  Class: sky130_fd_sc_hd__nor3_1 instances: 114
  Class: sky130_fd_sc_hd__nor3_2 instances:   4
  Class: sky130_fd_sc_hd__or4bb_4 instances:   3
  Class: sky130_fd_sc_hd__nor3_4 instances:   9
  Class: sky130_fd_sc_hd__a32o_1 instances:  85
  Class: sky130_fd_sc_hd__a32o_2 instances:   9
  Class: sky130_fd_sc_hd__a32o_4 instances:  22
  Class: sky130_fd_sc_hd__o41a_1 instances:   3
  Class: sky130_fd_sc_hd__a22o_1 instances: 677
  Class: sky130_fd_sc_hd__a22o_2 instances:   3
  Class: sky130_fd_sc_hd__a22o_4 instances:   6
  Class: sky130_fd_sc_hd__o31a_1 instances: 192
  Class: sky130_fd_sc_hd__o31a_2 instances:   7
  Class: sky130_fd_sc_hd__o31a_4 instances:  16
  Class: sky130_fd_sc_hd__o2bb2a_1 instances: 101
  Class: sky130_fd_sc_hd__o2bb2a_2 instances:   5
  Class: sky130_fd_sc_hd__o2bb2a_4 instances:   2
  Class: sky130_fd_sc_hd__o21a_1 instances: 746
  Class: sky130_fd_sc_hd__o21a_2 instances:   6
  Class: sky130_fd_sc_hd__o41ai_2 instances:   1
  Class: sky130_fd_sc_hd__o21a_4 instances:  20
  Class: sky130_fd_sc_hd__o41ai_4 instances:   1
  Class: sky130_fd_sc_hd__o311a_1 instances:  51
  Class: sky130_fd_sc_hd__o311a_2 instances:  21
  Class: sky130_fd_sc_hd__o311a_4 instances:  18
  Class: sky130_fd_sc_hd__o22ai_1 instances:  20
  Class: sky130_fd_sc_hd__o22ai_2 instances:  18
  Class: sky130_fd_sc_hd__o22ai_4 instances:   2
  Class: sky130_fd_sc_hd__a22oi_1 instances:  53
  Class: sky130_fd_sc_hd__a22oi_2 instances:  12
  Class: sky130_fd_sc_hd__and4b_1 instances:  11
  Class: sky130_fd_sc_hd__o21ai_1 instances: 532
  Class: sky130_fd_sc_hd__and4b_2 instances:   1
  Class: sky130_fd_sc_hd__a22oi_4 instances:   4
  Class: sky130_fd_sc_hd__tapvpwrvgnd_1 instances:   1
  Class: sky130_fd_sc_hd__o21ai_2 instances:  46
  Class: sky130_fd_sc_hd__o21ai_4 instances:  42
  Class: sky130_fd_sc_hd__a21oi_1 instances: 1056
  Class: sky130_fd_sc_hd__a21oi_2 instances: 102
  Class: sky130_fd_sc_hd__a311o_1 instances:  16
  Class: sky130_fd_sc_hd__a21oi_4 instances:  48
  Class: sky130_fd_sc_hd__a311o_2 instances:   9
  Class: sky130_fd_sc_hd__a311o_4 instances:  26
  Class: sky130_fd_sc_hd__fill_1 instances:   1
  Class: sky130_fd_sc_hd__fill_2 instances:   1
  Class: sky130_ef_sc_hd__decap_40_12 instances:   1
  Class: sky130_fd_sc_hd__o211ai_1 instances:  46
  Class: sky130_fd_sc_hd__o211ai_2 instances:  42
  Class: sky130_fd_sc_hd__o211ai_4 instances:  15
  Class: sky130_fd_sc_hd__clkinv_16 instances:   2
  Class: sky130_fd_sc_hd__and4bb_1 instances:  11
  Class: sky130_fd_sc_hd__nor2_1 instances: 3159
  Class: sky130_fd_sc_hd__nor2_2 instances: 127
  Class: sky130_fd_sc_hd__nor2_4 instances: 215
  Class: sky130_fd_sc_hd__nor2_8 instances:  73
Circuit contains 50765 nets, and 313 disconnected pins.

Circuit 1 contains 55461 devices, Circuit 2 contains 55461 devices.
Circuit 1 contains 50765 nets,    Circuit 2 contains 50765 nets.


Final result: 
Circuits match uniquely.
.
Logging to file "/Users/fidelmakatia/chipfoundry/senseedge/openlane/senseedge_top/runs/RUN_2026-05-28_18-21-46/71-netgen-lvs/reports/lvs.netgen.rpt" disabled
LVS Done.
